Store,Dept,Date,Weekly_Sales,IsHoliday
1,1,2011-10-21,23351.8,False
1,2,2011-10-21,42487.67,False
1,3,2011-10-21,10136.78,False
1,4,2011-10-21,33954.55,False
1,5,2011-10-21,32700.34,False
1,6,2011-10-21,5111.85,False
1,7,2011-10-21,24664.06,False
1,8,2011-10-21,32631.25,False
1,9,2011-10-21,31062.86,False
1,10,2011-10-21,28827.99,False
1,11,2011-10-21,22029.81,False
1,12,2011-10-21,11380.28,False
1,13,2011-10-21,38272.21,False
1,14,2011-10-21,12476.8,False
1,16,2011-10-21,10366.98,False
1,17,2011-10-21,7547.77,False
1,18,2011-10-21,7304.78,False
1,19,2011-10-21,911.38,False
1,20,2011-10-21,2638.07,False
1,21,2011-10-21,8113.95,False
1,22,2011-10-21,7727.26,False
1,23,2011-10-21,20272.49,False
1,24,2011-10-21,7007.77,False
1,25,2011-10-21,9014.23,False
1,26,2011-10-21,8928.79,False
1,27,2011-10-21,1785.51,False
1,28,2011-10-21,616.4,False
1,29,2011-10-21,4093.77,False
1,30,2011-10-21,2566.7,False
1,31,2011-10-21,1404.65,False
1,32,2011-10-21,6481.34,False
1,33,2011-10-21,5882.98,False
1,34,2011-10-21,10716.87,False
1,35,2011-10-21,2882.4,False
1,36,2011-10-21,1010.86,False
1,37,2011-10-21,2735.71,False
1,38,2011-10-21,76702.9,False
1,40,2011-10-21,54344.36,False
1,41,2011-10-21,1354.5,False
1,42,2011-10-21,7234.05,False
1,44,2011-10-21,5357.89,False
1,45,2011-10-21,11.97,False
1,46,2011-10-21,16600.43,False
1,48,2011-10-21,494.0,False
1,49,2011-10-21,12499.83,False
1,52,2011-10-21,1976.63,False
1,54,2011-10-21,14.24,False
1,55,2011-10-21,12946.24,False
1,56,2011-10-21,1577.8,False
1,58,2011-10-21,2515.0,False
1,59,2011-10-21,231.84,False
1,60,2011-10-21,941.6,False
1,67,2011-10-21,5738.67,False
1,71,2011-10-21,2718.44,False
1,72,2011-10-21,56909.42,False
1,74,2011-10-21,9906.67,False
1,79,2011-10-21,30190.3,False
1,80,2011-10-21,18211.25,False
1,81,2011-10-21,27412.7,False
1,82,2011-10-21,19610.25,False
1,83,2011-10-21,4775.94,False
1,85,2011-10-21,3105.31,False
1,87,2011-10-21,45578.05,False
1,90,2011-10-21,85521.68,False
1,91,2011-10-21,61839.05,False
1,92,2011-10-21,134783.19,False
1,93,2011-10-21,67370.04,False
1,94,2011-10-21,60047.94,False
1,95,2011-10-21,116931.34,False
1,96,2011-10-21,31193.33,False
1,97,2011-10-21,34172.38,False
1,98,2011-10-21,12644.64,False
2,1,2011-10-21,33205.32,False
2,2,2011-10-21,60669.07,False
2,3,2011-10-21,11464.09,False
2,4,2011-10-21,41549.8,False
2,5,2011-10-21,37684.18,False
2,6,2011-10-21,7434.31,False
2,7,2011-10-21,49488.55,False
2,8,2011-10-21,55898.8,False
2,9,2011-10-21,29311.69,False
2,10,2011-10-21,35300.77,False
2,11,2011-10-21,19013.86,False
2,12,2011-10-21,8550.54,False
2,13,2011-10-21,42628.03,False
2,14,2011-10-21,18247.67,False
2,16,2011-10-21,8275.43,False
2,17,2011-10-21,11660.57,False
2,18,2011-10-21,15682.44,False
2,19,2011-10-21,4374.91,False
2,20,2011-10-21,3944.78,False
2,21,2011-10-21,9107.84,False
2,22,2011-10-21,12870.24,False
2,23,2011-10-21,26431.24,False
2,24,2011-10-21,8525.54,False
2,25,2011-10-21,14971.53,False
2,26,2011-10-21,12354.02,False
2,27,2011-10-21,1810.38,False
2,28,2011-10-21,994.93,False
2,29,2011-10-21,5884.42,False
2,30,2011-10-21,3666.76,False
2,31,2011-10-21,2697.74,False
2,32,2011-10-21,9266.26,False
2,33,2011-10-21,7810.43,False
2,34,2011-10-21,14857.27,False
2,35,2011-10-21,3797.81,False
2,36,2011-10-21,1106.94,False
2,37,2011-10-21,3768.6,False
2,38,2011-10-21,76417.88,False
2,40,2011-10-21,70862.73,False
2,41,2011-10-21,9511.0,False
2,42,2011-10-21,7647.66,False
2,44,2011-10-21,9843.26,False
2,46,2011-10-21,26400.4,False
2,48,2011-10-21,1036.0,False
2,49,2011-10-21,13481.95,False
2,52,2011-10-21,5415.61,False
2,54,2011-10-21,35.8,False
2,55,2011-10-21,12219.63,False
2,56,2011-10-21,2108.2,False
2,58,2011-10-21,22970.0,False
2,59,2011-10-21,337.29,False
2,60,2011-10-21,202.4,False
2,67,2011-10-21,9917.48,False
2,71,2011-10-21,3349.49,False
2,72,2011-10-21,91916.15,False
2,74,2011-10-21,14322.44,False
2,79,2011-10-21,30246.24,False
2,80,2011-10-21,26100.98,False
2,81,2011-10-21,27723.18,False
2,82,2011-10-21,20835.8,False
2,83,2011-10-21,4378.15,False
2,85,2011-10-21,3342.2,False
2,87,2011-10-21,23045.15,False
2,90,2011-10-21,96819.66,False
2,91,2011-10-21,74394.33,False
2,92,2011-10-21,163289.88,False
2,93,2011-10-21,65348.7,False
2,94,2011-10-21,65152.25,False
2,95,2011-10-21,137866.17,False
2,96,2011-10-21,29412.01,False
2,97,2011-10-21,41129.59,False
2,98,2011-10-21,13293.83,False
3,1,2011-10-21,9257.97,False
3,2,2011-10-21,17254.0,False
3,3,2011-10-21,4195.47,False
3,4,2011-10-21,7355.44,False
3,5,2011-10-21,14531.63,False
3,6,2011-10-21,2608.58,False
3,7,2011-10-21,10029.81,False
3,8,2011-10-21,7741.12,False
3,9,2011-10-21,13062.19,False
3,10,2011-10-21,11512.19,False
3,11,2011-10-21,5676.92,False
3,12,2011-10-21,2393.69,False
3,13,2011-10-21,10392.86,False
3,14,2011-10-21,3699.06,False
3,16,2011-10-21,4734.12,False
3,17,2011-10-21,2528.81,False
3,18,2011-10-21,3913.99,False
3,19,2011-10-21,851.64,False
3,20,2011-10-21,1450.68,False
3,21,2011-10-21,1384.56,False
3,22,2011-10-21,2494.39,False
3,23,2011-10-21,11453.97,False
3,24,2011-10-21,3886.91,False
3,25,2011-10-21,4747.24,False
3,26,2011-10-21,4631.06,False
3,27,2011-10-21,533.44,False
3,28,2011-10-21,168.12,False
3,29,2011-10-21,1215.69,False
3,30,2011-10-21,1208.62,False
3,31,2011-10-21,716.67,False
3,32,2011-10-21,3265.06,False
3,33,2011-10-21,3350.98,False
3,34,2011-10-21,4664.37,False
3,35,2011-10-21,1287.87,False
3,36,2011-10-21,484.25,False
3,38,2011-10-21,91313.58,False
3,40,2011-10-21,17558.47,False
3,41,2011-10-21,681.87,False
3,42,2011-10-21,7392.43,False
3,44,2011-10-21,2512.63,False
3,46,2011-10-21,5598.15,False
3,52,2011-10-21,1103.01,False
3,55,2011-10-21,7210.28,False
3,56,2011-10-21,170.38,False
3,59,2011-10-21,180.08,False
3,60,2011-10-21,132.0,False
3,67,2011-10-21,1932.54,False
3,71,2011-10-21,867.03,False
3,72,2011-10-21,29002.78,False
3,74,2011-10-21,3145.84,False
3,79,2011-10-21,6671.4,False
3,80,2011-10-21,24.55,False
3,81,2011-10-21,1639.03,False
3,82,2011-10-21,6926.9,False
3,85,2011-10-21,826.93,False
3,87,2011-10-21,1227.02,False
3,90,2011-10-21,1865.35,False
3,91,2011-10-21,286.56,False
3,92,2011-10-21,8598.47,False
3,94,2011-10-21,90.62,False
3,95,2011-10-21,15713.56,False
3,96,2011-10-21,3100.1,False
3,97,2011-10-21,495.93,False
3,98,2011-10-21,25.5,False
4,1,2011-10-21,45777.26,False
4,2,2011-10-21,97077.45,False
4,3,2011-10-21,12600.81,False
4,4,2011-10-21,57379.59,False
4,5,2011-10-21,54631.87,False
4,6,2011-10-21,8031.09,False
4,7,2011-10-21,49930.58,False
4,8,2011-10-21,63001.6,False
4,9,2011-10-21,36007.25,False
4,10,2011-10-21,42131.9,False
4,11,2011-10-21,28366.46,False
4,12,2011-10-21,7819.41,False
4,13,2011-10-21,74262.29,False
4,14,2011-10-21,26348.54,False
4,16,2011-10-21,6789.09,False
4,17,2011-10-21,13520.73,False
4,18,2011-10-21,25937.96,False
4,19,2011-10-21,3839.09,False
4,20,2011-10-21,7705.1,False
4,21,2011-10-21,8510.28,False
4,22,2011-10-21,18958.38,False
4,23,2011-10-21,56550.43,False
4,24,2011-10-21,12011.97,False
4,25,2011-10-21,16492.56,False
4,26,2011-10-21,23615.69,False
4,27,2011-10-21,2232.65,False
4,28,2011-10-21,1032.05,False
4,29,2011-10-21,10222.96,False
4,30,2011-10-21,7303.92,False
4,31,2011-10-21,3104.5,False
4,32,2011-10-21,11163.96,False
4,33,2011-10-21,12147.17,False
4,34,2011-10-21,21864.44,False
4,35,2011-10-21,3936.01,False
4,36,2011-10-21,1969.52,False
4,37,2011-10-21,3781.42,False
4,38,2011-10-21,86519.57,False
4,40,2011-10-21,82695.07,False
4,41,2011-10-21,1876.0,False
4,42,2011-10-21,10474.65,False
4,44,2011-10-21,6409.4,False
4,45,2011-10-21,11.97,False
4,46,2011-10-21,35808.37,False
4,48,2011-10-21,3154.0,False
4,49,2011-10-21,6469.33,False
4,52,2011-10-21,4361.85,False
4,54,2011-10-21,58.84,False
4,55,2011-10-21,19725.39,False
4,56,2011-10-21,1157.67,False
4,58,2011-10-21,4285.0,False
4,59,2011-10-21,415.94,False
4,60,2011-10-21,422.4,False
4,67,2011-10-21,11551.0,False
4,71,2011-10-21,7701.53,False
4,72,2011-10-21,129343.72,False
4,74,2011-10-21,16961.94,False
4,79,2011-10-21,51373.53,False
4,80,2011-10-21,21266.04,False
4,81,2011-10-21,32237.33,False
4,82,2011-10-21,32983.62,False
4,83,2011-10-21,8372.79,False
4,85,2011-10-21,1688.92,False
4,87,2011-10-21,12077.65,False
4,90,2011-10-21,98922.94,False
4,91,2011-10-21,71171.85,False
4,92,2011-10-21,171337.35,False
4,93,2011-10-21,72670.38,False
4,94,2011-10-21,67672.13,False
4,95,2011-10-21,157955.97,False
4,96,2011-10-21,43740.79,False
4,97,2011-10-21,42120.81,False
4,98,2011-10-21,16690.41,False
5,1,2011-10-21,10682.45,False
5,2,2011-10-21,12322.31,False
5,3,2011-10-21,3186.94,False
5,4,2011-10-21,9063.22,False
5,5,2011-10-21,7475.36,False
5,6,2011-10-21,675.46,False
5,7,2011-10-21,4189.19,False
5,8,2011-10-21,13207.91,False
5,9,2011-10-21,8494.54,False
5,10,2011-10-21,10684.43,False
5,11,2011-10-21,5516.92,False
5,12,2011-10-21,2246.47,False
5,13,2011-10-21,10457.87,False
5,14,2011-10-21,2801.19,False
5,16,2011-10-21,2784.59,False
5,17,2011-10-21,1829.0,False
5,18,2011-10-21,1773.85,False
5,20,2011-10-21,1114.48,False
5,21,2011-10-21,1212.29,False
5,22,2011-10-21,2168.97,False
5,23,2011-10-21,5738.8,False
5,24,2011-10-21,1886.75,False
5,25,2011-10-21,2576.18,False
5,26,2011-10-21,3229.76,False
5,27,2011-10-21,467.22,False
5,28,2011-10-21,234.52,False
5,29,2011-10-21,1282.82,False
5,30,2011-10-21,900.62,False
5,31,2011-10-21,436.71,False
5,32,2011-10-21,1578.57,False
5,33,2011-10-21,1605.38,False
5,34,2011-10-21,3440.84,False
5,35,2011-10-21,985.15,False
5,36,2011-10-21,265.58,False
5,38,2011-10-21,54429.31,False
5,40,2011-10-21,18901.23,False
5,41,2011-10-21,1285.5,False
5,42,2011-10-21,2862.33,False
5,44,2011-10-21,1195.42,False
5,46,2011-10-21,4318.51,False
5,49,2011-10-21,50.49,False
5,52,2011-10-21,475.69,False
5,55,2011-10-21,2128.2,False
5,56,2011-10-21,1108.13,False
5,58,2011-10-21,1130.0,False
5,60,2011-10-21,176.0,False
5,67,2011-10-21,2479.13,False
5,71,2011-10-21,319.86,False
5,72,2011-10-21,13663.36,False
5,74,2011-10-21,2964.01,False
5,79,2011-10-21,4710.55,False
5,81,2011-10-21,2290.47,False
5,82,2011-10-21,3720.83,False
5,85,2011-10-21,801.63,False
5,87,2011-10-21,11745.74,False
5,90,2011-10-21,3300.97,False
5,91,2011-10-21,1413.81,False
5,92,2011-10-21,7465.73,False
5,94,2011-10-21,186.24,False
5,95,2011-10-21,19937.97,False
5,96,2011-10-21,5813.46,False
5,97,2011-10-21,676.77,False
5,98,2011-10-21,1.5,False
6,1,2011-10-21,28163.61,False
6,2,2011-10-21,45088.33,False
6,3,2011-10-21,11359.99,False
6,4,2011-10-21,29936.22,False
6,5,2011-10-21,37813.35,False
6,6,2011-10-21,7453.03,False
6,7,2011-10-21,30238.57,False
6,8,2011-10-21,46484.13,False
6,9,2011-10-21,43380.78,False
6,10,2011-10-21,45083.08,False
6,11,2011-10-21,17388.8,False
6,12,2011-10-21,6482.82,False
6,13,2011-10-21,33999.94,False
6,14,2011-10-21,22953.96,False
6,16,2011-10-21,10969.98,False
6,17,2011-10-21,14072.07,False
6,18,2011-10-21,18262.78,False
6,19,2011-10-21,3559.74,False
6,20,2011-10-21,7099.49,False
6,21,2011-10-21,6608.24,False
6,22,2011-10-21,16095.59,False
6,23,2011-10-21,26804.97,False
6,24,2011-10-21,6676.85,False
6,25,2011-10-21,10253.56,False
6,26,2011-10-21,12516.06,False
6,27,2011-10-21,1429.9,False
6,28,2011-10-21,653.53,False
6,29,2011-10-21,6240.94,False
6,30,2011-10-21,4583.74,False
6,31,2011-10-21,2224.49,False
6,32,2011-10-21,9478.65,False
6,33,2011-10-21,6629.48,False
6,34,2011-10-21,15295.16,False
6,35,2011-10-21,2949.33,False
6,36,2011-10-21,1296.15,False
6,37,2011-10-21,3876.24,False
6,38,2011-10-21,72333.68,False
6,40,2011-10-21,59098.4,False
6,41,2011-10-21,3512.0,False
6,42,2011-10-21,8706.1,False
6,44,2011-10-21,8301.08,False
6,45,2011-10-21,23.94,False
6,46,2011-10-21,21585.29,False
6,48,2011-10-21,2666.0,False
6,49,2011-10-21,11284.46,False
6,52,2011-10-21,5591.14,False
6,54,2011-10-21,15.0,False
6,55,2011-10-21,12494.94,False
6,56,2011-10-21,2330.61,False
6,58,2011-10-21,2820.0,False
6,59,2011-10-21,170.89,False
6,60,2011-10-21,228.8,False
6,67,2011-10-21,10631.24,False
6,71,2011-10-21,5278.81,False
6,72,2011-10-21,76700.89,False
6,74,2011-10-21,19378.14,False
6,79,2011-10-21,21455.64,False
6,80,2011-10-21,12631.67,False
6,81,2011-10-21,12913.77,False
6,82,2011-10-21,16589.82,False
6,83,2011-10-21,2972.25,False
6,85,2011-10-21,2574.26,False
6,87,2011-10-21,41142.66,False
6,90,2011-10-21,51206.62,False
6,91,2011-10-21,41913.87,False
6,92,2011-10-21,91903.91,False
6,93,2011-10-21,34944.57,False
6,94,2011-10-21,37211.67,False
6,95,2011-10-21,78442.13,False
6,96,2011-10-21,26781.65,False
6,97,2011-10-21,18356.0,False
6,98,2011-10-21,10326.92,False
7,1,2011-10-21,10882.67,False
7,2,2011-10-21,19715.54,False
7,3,2011-10-21,7425.65,False
7,4,2011-10-21,13743.35,False
7,5,2011-10-21,12821.63,False
7,6,2011-10-21,5558.02,False
7,7,2011-10-21,6637.6,False
7,8,2011-10-21,13229.02,False
7,9,2011-10-21,65235.17,False
7,10,2011-10-21,22782.2,False
7,11,2011-10-21,17056.82,False
7,12,2011-10-21,6637.73,False
7,13,2011-10-21,13832.02,False
7,14,2011-10-21,10066.13,False
7,16,2011-10-21,6090.31,False
7,17,2011-10-21,4806.37,False
7,18,2011-10-21,3929.78,False
7,20,2011-10-21,2415.95,False
7,21,2011-10-21,1554.98,False
7,22,2011-10-21,6912.37,False
7,23,2011-10-21,13201.94,False
7,24,2011-10-21,2747.85,False
7,25,2011-10-21,4066.72,False
7,26,2011-10-21,2067.61,False
7,27,2011-10-21,695.32,False
7,28,2011-10-21,253.6,False
7,29,2011-10-21,1253.53,False
7,30,2011-10-21,786.18,False
7,31,2011-10-21,995.01,False
7,32,2011-10-21,3265.18,False
7,33,2011-10-21,1679.47,False
7,34,2011-10-21,3420.91,False
7,35,2011-10-21,392.74,False
7,36,2011-10-21,1921.47,False
7,38,2011-10-21,32150.58,False
7,40,2011-10-21,25966.19,False
7,41,2011-10-21,627.33,False
7,42,2011-10-21,7834.49,False
7,44,2011-10-21,3586.74,False
7,45,2011-10-21,25.88,False
7,46,2011-10-21,11081.12,False
7,48,2011-10-21,1733.0,False
7,49,2011-10-21,44.55,False
7,52,2011-10-21,960.99,False
7,54,2011-10-21,5.88,False
7,55,2011-10-21,5706.16,False
7,56,2011-10-21,715.55,False
7,60,2011-10-21,88.0,False
7,67,2011-10-21,3073.36,False
7,71,2011-10-21,1598.51,False
7,72,2011-10-21,49290.17,False
7,74,2011-10-21,9547.93,False
7,79,2011-10-21,5173.76,False
7,80,2011-10-21,326.95,False
7,81,2011-10-21,5838.68,False
7,82,2011-10-21,8549.16,False
7,83,2011-10-21,786.06,False
7,85,2011-10-21,1976.65,False
7,87,2011-10-21,10158.06,False
7,90,2011-10-21,12762.7,False
7,91,2011-10-21,9211.65,False
7,92,2011-10-21,24632.25,False
7,93,2011-10-21,1042.13,False
7,94,2011-10-21,946.72,False
7,95,2011-10-21,30334.31,False
7,96,2011-10-21,692.36,False
7,97,2011-10-21,3921.74,False
7,98,2011-10-21,220.98,False
8,1,2011-10-21,17678.66,False
8,2,2011-10-21,35278.16,False
8,3,2011-10-21,7480.34,False
8,4,2011-10-21,21030.4,False
8,5,2011-10-21,24952.78,False
8,6,2011-10-21,3479.24,False
8,7,2011-10-21,18569.71,False
8,8,2011-10-21,25877.87,False
8,9,2011-10-21,9336.16,False
8,10,2011-10-21,19028.17,False
8,11,2011-10-21,17749.19,False
8,12,2011-10-21,7220.68,False
8,13,2011-10-21,26357.27,False
8,14,2011-10-21,10476.73,False
8,16,2011-10-21,5405.08,False
8,17,2011-10-21,6582.35,False
8,18,2011-10-21,9297.34,False
8,19,2011-10-21,658.07,False
8,20,2011-10-21,3194.15,False
8,21,2011-10-21,4579.46,False
8,22,2011-10-21,7269.06,False
8,23,2011-10-21,15809.48,False
8,24,2011-10-21,4088.22,False
8,25,2011-10-21,5726.3,False
8,26,2011-10-21,7968.69,False
8,27,2011-10-21,903.1,False
8,28,2011-10-21,315.68,False
8,29,2011-10-21,2687.27,False
8,30,2011-10-21,1832.28,False
8,31,2011-10-21,1070.1,False
8,32,2011-10-21,3987.33,False
8,33,2011-10-21,4903.39,False
8,34,2011-10-21,7302.82,False
8,35,2011-10-21,1926.2,False
8,36,2011-10-21,1431.15,False
8,37,2011-10-21,2063.41,False
8,38,2011-10-21,58928.39,False
8,40,2011-10-21,36247.94,False
8,41,2011-10-21,1755.0,False
8,42,2011-10-21,5272.71,False
8,44,2011-10-21,4525.29,False
8,46,2011-10-21,16999.37,False
8,49,2011-10-21,2864.34,False
8,52,2011-10-21,1557.58,False
8,54,2011-10-21,10.0,False
8,55,2011-10-21,5934.02,False
8,56,2011-10-21,1614.97,False
8,59,2011-10-21,264.92,False
8,60,2011-10-21,211.2,False
8,67,2011-10-21,4841.53,False
8,71,2011-10-21,885.9,False
8,72,2011-10-21,51969.99,False
8,74,2011-10-21,7649.76,False
8,79,2011-10-21,19621.12,False
8,80,2011-10-21,9766.08,False
8,81,2011-10-21,12949.84,False
8,82,2011-10-21,13769.26,False
8,83,2011-10-21,2403.91,False
8,85,2011-10-21,2267.7,False
8,87,2011-10-21,23720.75,False
8,90,2011-10-21,41553.48,False
8,91,2011-10-21,30830.97,False
8,92,2011-10-21,62276.7,False
8,93,2011-10-21,29039.71,False
8,94,2011-10-21,25263.09,False
8,95,2011-10-21,61239.17,False
8,97,2011-10-21,17599.7,False
8,98,2011-10-21,8633.81,False
9,1,2011-10-21,13183.58,False
9,2,2011-10-21,24311.07,False
9,3,2011-10-21,5769.54,False
9,4,2011-10-21,17172.96,False
9,5,2011-10-21,21459.03,False
9,6,2011-10-21,3275.96,False
9,7,2011-10-21,12082.09,False
9,8,2011-10-21,20613.14,False
9,9,2011-10-21,10956.27,False
9,10,2011-10-21,12841.91,False
9,11,2011-10-21,12955.63,False
9,12,2011-10-21,6638.85,False
9,13,2011-10-21,21816.34,False
9,14,2011-10-21,7370.82,False
9,16,2011-10-21,4442.67,False
9,17,2011-10-21,5153.3,False
9,18,2011-10-21,3717.01,False
9,19,2011-10-21,1285.15,False
9,20,2011-10-21,2226.94,False
9,21,2011-10-21,3384.37,False
9,22,2011-10-21,4066.47,False
9,23,2011-10-21,11271.59,False
9,24,2011-10-21,3342.57,False
9,25,2011-10-21,4718.42,False
9,26,2011-10-21,5593.43,False
9,27,2011-10-21,589.3,False
9,28,2011-10-21,207.43,False
9,29,2011-10-21,2022.9,False
9,30,2011-10-21,1541.28,False
9,31,2011-10-21,899.66,False
9,32,2011-10-21,5272.19,False
9,33,2011-10-21,2917.54,False
9,34,2011-10-21,4369.05,False
9,35,2011-10-21,1189.91,False
9,36,2011-10-21,697.1,False
9,38,2011-10-21,88271.46,False
9,40,2011-10-21,29538.89,False
9,41,2011-10-21,1330.0,False
9,42,2011-10-21,3658.91,False
9,44,2011-10-21,4036.58,False
9,46,2011-10-21,7333.74,False
9,48,2011-10-21,969.0,False
9,49,2011-10-21,68.43,False
9,52,2011-10-21,1342.68,False
9,54,2011-10-21,5.88,False
9,55,2011-10-21,7902.46,False
9,56,2011-10-21,1363.67,False
9,59,2011-10-21,40.0,False
9,60,2011-10-21,44.0,False
9,67,2011-10-21,3223.47,False
9,71,2011-10-21,1323.36,False
9,72,2011-10-21,44498.95,False
9,74,2011-10-21,5811.7,False
9,79,2011-10-21,11736.48,False
9,81,2011-10-21,2503.4,False
9,82,2011-10-21,9099.95,False
9,85,2011-10-21,961.43,False
9,87,2011-10-21,17063.34,False
9,90,2011-10-21,3424.57,False
9,91,2011-10-21,880.93,False
9,92,2011-10-21,16482.22,False
9,94,2011-10-21,214.14,False
9,95,2011-10-21,30402.54,False
9,96,2011-10-21,4181.56,False
9,98,2011-10-21,6.0,False
10,1,2011-10-21,47792.75,False
10,2,2011-10-21,103050.1,False
10,3,2011-10-21,21892.39,False
10,4,2011-10-21,46768.39,False
10,5,2011-10-21,64236.97,False
10,6,2011-10-21,10268.49,False
10,7,2011-10-21,53181.41,False
10,8,2011-10-21,84329.15,False
10,9,2011-10-21,57693.89,False
10,10,2011-10-21,46021.91,False
10,11,2011-10-21,25911.42,False
10,12,2011-10-21,9252.23,False
10,13,2011-10-21,60363.04,False
10,14,2011-10-21,33683.18,False
10,16,2011-10-21,11785.44,False
10,17,2011-10-21,24959.53,False
10,18,2011-10-21,17692.57,False
10,19,2011-10-21,3047.53,False
10,20,2011-10-21,13074.36,False
10,21,2011-10-21,8382.65,False
10,22,2011-10-21,22007.25,False
10,23,2011-10-21,53643.42,False
10,24,2011-10-21,11121.36,False
10,25,2011-10-21,19456.25,False
10,26,2011-10-21,17491.51,False
10,27,2011-10-21,3150.27,False
10,28,2011-10-21,1337.34,False
10,29,2011-10-21,12542.09,False
10,30,2011-10-21,9329.68,False
10,31,2011-10-21,3586.55,False
10,32,2011-10-21,15946.58,False
10,33,2011-10-21,10351.83,False
10,34,2011-10-21,35333.99,False
10,35,2011-10-21,7610.67,False
10,36,2011-10-21,308.97,False
10,37,2011-10-21,4207.18,False
10,38,2011-10-21,78613.61,False
10,40,2011-10-21,92492.33,False
10,41,2011-10-21,16762.47,False
10,42,2011-10-21,11447.17,False
10,44,2011-10-21,9432.82,False
10,46,2011-10-21,47416.94,False
10,47,2011-10-21,48.0,False
10,48,2011-10-21,1919.0,False
10,49,2011-10-21,17208.78,False
10,50,2011-10-21,3730.0,False
10,52,2011-10-21,5778.08,False
10,55,2011-10-21,18307.97,False
10,56,2011-10-21,765.67,False
10,58,2011-10-21,7795.0,False
10,59,2011-10-21,379.95,False
10,60,2011-10-21,616.0,False
10,67,2011-10-21,11647.1,False
10,71,2011-10-21,11946.68,False
10,72,2011-10-21,145623.07,False
10,74,2011-10-21,38130.76,False
10,79,2011-10-21,34052.59,False
10,80,2011-10-21,941.55,False
10,81,2011-10-21,10512.31,False
10,82,2011-10-21,20770.91,False
10,83,2011-10-21,210.12,False
10,85,2011-10-21,2359.63,False
10,87,2011-10-21,22633.53,False
10,90,2011-10-21,13664.51,False
10,91,2011-10-21,12720.72,False
10,92,2011-10-21,49770.57,False
10,93,2011-10-21,1182.58,False
10,94,2011-10-21,1014.84,False
10,95,2011-10-21,66670.83,False
10,96,2011-10-21,12996.09,False
10,97,2011-10-21,5220.44,False
10,98,2011-10-21,333.6,False
11,1,2011-10-21,22217.57,False
11,2,2011-10-21,54159.04,False
11,3,2011-10-21,11717.8,False
11,4,2011-10-21,28985.67,False
11,5,2011-10-21,47619.09,False
11,6,2011-10-21,6514.24,False
11,7,2011-10-21,40934.12,False
11,8,2011-10-21,33529.41,False
11,9,2011-10-21,15102.28,False
11,10,2011-10-21,24382.62,False
11,11,2011-10-21,14959.0,False
11,12,2011-10-21,5262.98,False
11,13,2011-10-21,41620.66,False
11,14,2011-10-21,21395.92,False
11,16,2011-10-21,6775.85,False
11,17,2011-10-21,12289.75,False
11,18,2011-10-21,23766.23,False
11,19,2011-10-21,1957.5,False
11,20,2011-10-21,7516.36,False
11,21,2011-10-21,6870.29,False
11,22,2011-10-21,15500.34,False
11,23,2011-10-21,30477.64,False
11,24,2011-10-21,9833.74,False
11,25,2011-10-21,10773.2,False
11,26,2011-10-21,14333.63,False
11,27,2011-10-21,2086.58,False
11,28,2011-10-21,1045.17,False
11,29,2011-10-21,9188.45,False
11,30,2011-10-21,6456.4,False
11,31,2011-10-21,2521.75,False
11,32,2011-10-21,8705.06,False
11,33,2011-10-21,7495.42,False
11,34,2011-10-21,17588.45,False
11,35,2011-10-21,3374.83,False
11,36,2011-10-21,1459.88,False
11,37,2011-10-21,4189.92,False
11,38,2011-10-21,68767.28,False
11,40,2011-10-21,50981.1,False
11,41,2011-10-21,1533.0,False
11,42,2011-10-21,7776.74,False
11,44,2011-10-21,7501.25,False
11,45,2011-10-21,11.47,False
11,46,2011-10-21,26222.8,False
11,48,2011-10-21,30.0,False
11,49,2011-10-21,6237.36,False
11,52,2011-10-21,4038.31,False
11,54,2011-10-21,78.96,False
11,55,2011-10-21,12578.85,False
11,56,2011-10-21,1152.07,False
11,58,2011-10-21,1285.0,False
11,59,2011-10-21,338.69,False
11,60,2011-10-21,123.2,False
11,67,2011-10-21,9000.89,False
11,71,2011-10-21,8348.26,False
11,72,2011-10-21,70273.97,False
11,74,2011-10-21,21188.13,False
11,79,2011-10-21,26759.47,False
11,80,2011-10-21,12546.44,False
11,81,2011-10-21,11868.9,False
11,82,2011-10-21,19920.6,False
11,83,2011-10-21,2404.99,False
11,85,2011-10-21,1304.9,False
11,87,2011-10-21,16097.51,False
11,90,2011-10-21,50801.05,False
11,91,2011-10-21,41928.39,False
11,92,2011-10-21,77697.48,False
11,93,2011-10-21,31555.87,False
11,94,2011-10-21,38297.77,False
11,95,2011-10-21,76092.29,False
11,96,2011-10-21,21307.32,False
11,97,2011-10-21,16485.35,False
11,98,2011-10-21,9965.03,False
12,1,2011-10-21,18424.15,False
12,2,2011-10-21,75099.67,False
12,3,2011-10-21,11710.61,False
12,4,2011-10-21,25081.69,False
12,5,2011-10-21,28099.78,False
12,6,2011-10-21,7046.43,False
12,7,2011-10-21,30174.72,False
12,8,2011-10-21,41914.07,False
12,9,2011-10-21,14352.99,False
12,10,2011-10-21,18019.17,False
12,11,2011-10-21,13084.33,False
12,12,2011-10-21,5490.51,False
12,13,2011-10-21,47662.81,False
12,14,2011-10-21,16274.67,False
12,16,2011-10-21,3416.77,False
12,17,2011-10-21,10180.9,False
12,18,2011-10-21,23697.29,False
12,19,2011-10-21,3451.26,False
12,20,2011-10-21,4251.95,False
12,21,2011-10-21,3671.82,False
12,22,2011-10-21,9014.82,False
12,23,2011-10-21,32100.49,False
12,24,2011-10-21,9541.51,False
12,25,2011-10-21,17941.15,False
12,26,2011-10-21,14013.64,False
12,27,2011-10-21,1586.99,False
12,28,2011-10-21,912.89,False
12,29,2011-10-21,6926.52,False
12,30,2011-10-21,5419.57,False
12,31,2011-10-21,2247.78,False
12,32,2011-10-21,6969.03,False
12,33,2011-10-21,9609.29,False
12,34,2011-10-21,17580.52,False
12,35,2011-10-21,2295.98,False
12,36,2011-10-21,885.63,False
12,38,2011-10-21,46615.11,False
12,40,2011-10-21,45262.0,False
12,41,2011-10-21,1656.25,False
12,42,2011-10-21,6581.92,False
12,44,2011-10-21,8285.04,False
12,45,2011-10-21,35.91,False
12,46,2011-10-21,30062.33,False
12,52,2011-10-21,4133.16,False
12,54,2011-10-21,82.58,False
12,55,2011-10-21,10853.99,False
12,56,2011-10-21,243.06,False
12,58,2011-10-21,2197.5,False
12,59,2011-10-21,564.7,False
12,60,2011-10-21,334.4,False
12,67,2011-10-21,6132.35,False
12,71,2011-10-21,6938.66,False
12,72,2011-10-21,55019.76,False
12,74,2011-10-21,16283.36,False
12,79,2011-10-21,39559.94,False
12,80,2011-10-21,25.52,False
12,81,2011-10-21,7116.44,False
12,82,2011-10-21,13876.91,False
12,83,2011-10-21,172.62,False
12,85,2011-10-21,2032.71,False
12,87,2011-10-21,10106.19,False
12,90,2011-10-21,11545.45,False
12,91,2011-10-21,6144.32,False
12,92,2011-10-21,24446.85,False
12,93,2011-10-21,551.78,False
12,94,2011-10-21,91.12,False
12,95,2011-10-21,40604.18,False
12,97,2011-10-21,2198.47,False
12,98,2011-10-21,698.6,False
13,1,2011-10-21,61474.31,False
13,2,2011-10-21,73779.76,False
13,3,2011-10-21,17423.69,False
13,4,2011-10-21,39894.92,False
13,5,2011-10-21,61428.09,False
13,6,2011-10-21,3088.16,False
13,7,2011-10-21,42285.58,False
13,8,2011-10-21,36738.11,False
13,9,2011-10-21,31705.19,False
13,10,2011-10-21,30725.23,False
13,11,2011-10-21,18898.31,False
13,12,2011-10-21,9945.15,False
13,13,2011-10-21,49135.39,False
13,14,2011-10-21,20334.98,False
13,16,2011-10-21,6340.21,False
13,17,2011-10-21,14055.9,False
13,18,2011-10-21,38777.21,False
13,19,2011-10-21,5651.41,False
13,20,2011-10-21,6485.04,False
13,21,2011-10-21,8534.76,False
13,22,2011-10-21,13983.19,False
13,23,2011-10-21,26743.88,False
13,24,2011-10-21,8544.96,False
13,25,2011-10-21,13607.04,False
13,26,2011-10-21,13542.89,False
13,27,2011-10-21,2673.33,False
13,28,2011-10-21,1753.27,False
13,29,2011-10-21,6190.35,False
13,30,2011-10-21,4253.21,False
13,31,2011-10-21,2596.47,False
13,32,2011-10-21,9332.99,False
13,33,2011-10-21,9440.95,False
13,34,2011-10-21,13850.52,False
13,35,2011-10-21,2806.76,False
13,36,2011-10-21,3031.59,False
13,37,2011-10-21,3989.74,False
13,38,2011-10-21,89399.0,False
13,40,2011-10-21,74810.3,False
13,41,2011-10-21,3180.5,False
13,42,2011-10-21,8498.69,False
13,44,2011-10-21,11535.69,False
13,45,2011-10-21,6.47,False
13,46,2011-10-21,36661.79,False
13,48,2011-10-21,1553.0,False
13,49,2011-10-21,8678.77,False
13,50,2011-10-21,2521.0,False
13,51,2011-10-21,3.56,False
13,52,2011-10-21,5974.51,False
13,54,2011-10-21,45.92,False
13,55,2011-10-21,16940.74,False
13,56,2011-10-21,360.07,False
13,58,2011-10-21,7907.5,False
13,59,2011-10-21,475.67,False
13,60,2011-10-21,800.8,False
13,67,2011-10-21,14230.48,False
13,71,2011-10-21,7385.02,False
13,72,2011-10-21,75439.06,False
13,74,2011-10-21,26695.61,False
13,79,2011-10-21,47925.47,False
13,80,2011-10-21,19256.98,False
13,81,2011-10-21,34303.35,False
13,82,2011-10-21,31454.01,False
13,83,2011-10-21,4498.48,False
13,85,2011-10-21,4177.68,False
13,87,2011-10-21,16979.75,False
13,90,2011-10-21,129683.06,False
13,91,2011-10-21,85211.51,False
13,92,2011-10-21,176631.51,False
13,93,2011-10-21,50794.69,False
13,94,2011-10-21,71943.58,False
13,95,2011-10-21,140546.86,False
13,96,2011-10-21,9315.32,False
13,97,2011-10-21,28738.59,False
13,98,2011-10-21,15936.74,False
14,1,2011-10-21,40963.89,False
14,2,2011-10-21,75579.03,False
14,3,2011-10-21,12135.91,False
14,4,2011-10-21,50119.94,False
14,5,2011-10-21,41285.52,False
14,6,2011-10-21,7152.52,False
14,7,2011-10-21,68626.26,False
14,8,2011-10-21,55774.91,False
14,9,2011-10-21,19039.75,False
14,10,2011-10-21,21010.85,False
14,11,2011-10-21,16746.2,False
14,12,2011-10-21,6031.01,False
14,13,2011-10-21,62527.6,False
14,14,2011-10-21,21967.77,False
14,16,2011-10-21,3911.86,False
14,17,2011-10-21,22398.72,False
14,18,2011-10-21,24877.64,False
14,19,2011-10-21,3343.25,False
14,20,2011-10-21,9752.19,False
14,21,2011-10-21,8451.28,False
14,22,2011-10-21,17734.97,False
14,23,2011-10-21,34502.7,False
14,24,2011-10-21,8459.87,False
14,25,2011-10-21,16898.1,False
14,26,2011-10-21,13411.68,False
14,27,2011-10-21,2741.31,False
14,28,2011-10-21,1787.39,False
14,29,2011-10-21,9668.37,False
14,30,2011-10-21,5527.04,False
14,31,2011-10-21,3269.04,False
14,32,2011-10-21,10518.66,False
14,33,2011-10-21,7262.66,False
14,34,2011-10-21,22779.63,False
14,35,2011-10-21,4011.21,False
14,36,2011-10-21,2148.47,False
14,38,2011-10-21,98842.75,False
14,40,2011-10-21,69107.41,False
14,41,2011-10-21,3858.25,False
14,42,2011-10-21,9044.45,False
14,44,2011-10-21,5879.08,False
14,46,2011-10-21,28733.32,False
14,49,2011-10-21,11992.19,False
14,50,2011-10-21,2036.0,False
14,52,2011-10-21,2797.25,False
14,54,2011-10-21,302.84,False
14,55,2011-10-21,18107.12,False
14,56,2011-10-21,1919.31,False
14,58,2011-10-21,9192.5,False
14,59,2011-10-21,317.27,False
14,60,2011-10-21,290.4,False
14,67,2011-10-21,11747.58,False
14,71,2011-10-21,6410.85,False
14,72,2011-10-21,139004.32,False
14,74,2011-10-21,25324.6,False
14,79,2011-10-21,34647.01,False
14,80,2011-10-21,34876.08,False
14,81,2011-10-21,38439.0,False
14,82,2011-10-21,30453.43,False
14,83,2011-10-21,8573.58,False
14,85,2011-10-21,1772.12,False
14,87,2011-10-21,19441.55,False
14,90,2011-10-21,106148.35,False
14,91,2011-10-21,88199.47,False
14,92,2011-10-21,181127.71,False
14,93,2011-10-21,55354.42,False
14,94,2011-10-21,56881.38,False
14,95,2011-10-21,133454.08,False
14,97,2011-10-21,24137.98,False
14,98,2011-10-21,18173.74,False
15,1,2011-10-21,17485.02,False
15,2,2011-10-21,25201.48,False
15,3,2011-10-21,6978.22,False
15,4,2011-10-21,13606.59,False
15,5,2011-10-21,17215.61,False
15,6,2011-10-21,3277.85,False
15,7,2011-10-21,22052.09,False
15,8,2011-10-21,21185.19,False
15,9,2011-10-21,11630.51,False
15,10,2011-10-21,10365.14,False
15,11,2011-10-21,11346.33,False
15,12,2011-10-21,3594.62,False
15,13,2011-10-21,20265.47,False
15,14,2011-10-21,13642.05,False
15,16,2011-10-21,1604.62,False
15,17,2011-10-21,11552.96,False
15,18,2011-10-21,4409.53,False
15,19,2011-10-21,1279.82,False
15,20,2011-10-21,3795.93,False
15,21,2011-10-21,3045.25,False
15,22,2011-10-21,7116.4,False
15,23,2011-10-21,22152.68,False
15,24,2011-10-21,5094.08,False
15,25,2011-10-21,10659.16,False
15,26,2011-10-21,6585.92,False
15,27,2011-10-21,1955.51,False
15,28,2011-10-21,1038.26,False
15,29,2011-10-21,4641.07,False
15,30,2011-10-21,2797.78,False
15,31,2011-10-21,2477.32,False
15,32,2011-10-21,3653.61,False
15,33,2011-10-21,3820.9,False
15,34,2011-10-21,13055.97,False
15,35,2011-10-21,3818.7,False
15,36,2011-10-21,2083.21,False
15,38,2011-10-21,52616.17,False
15,40,2011-10-21,31161.06,False
15,41,2011-10-21,2270.96,False
15,42,2011-10-21,4310.06,False
15,44,2011-10-21,3481.6,False
15,46,2011-10-21,11964.38,False
15,49,2011-10-21,7285.16,False
15,50,2011-10-21,2072.0,False
15,51,2011-10-21,9.96,False
15,52,2011-10-21,1619.65,False
15,55,2011-10-21,5658.27,False
15,56,2011-10-21,711.29,False
15,58,2011-10-21,230.0,False
15,59,2011-10-21,138.3,False
15,60,2011-10-21,123.2,False
15,67,2011-10-21,5138.59,False
15,71,2011-10-21,3737.86,False
15,72,2011-10-21,51286.73,False
15,74,2011-10-21,11936.71,False
15,79,2011-10-21,6811.94,False
15,80,2011-10-21,56.34,False
15,81,2011-10-21,4583.42,False
15,82,2011-10-21,8552.27,False
15,83,2011-10-21,221.96,False
15,85,2011-10-21,3030.21,False
15,87,2011-10-21,10344.3,False
15,90,2011-10-21,5506.16,False
15,91,2011-10-21,3476.12,False
15,92,2011-10-21,20179.8,False
15,93,2011-10-21,327.7,False
15,95,2011-10-21,25614.55,False
15,96,2011-10-21,1934.97,False
15,97,2011-10-21,1836.12,False
15,98,2011-10-21,606.23,False
16,1,2011-10-21,13969.88,False
16,2,2011-10-21,19959.39,False
16,3,2011-10-21,6598.13,False
16,4,2011-10-21,14591.71,False
16,5,2011-10-21,12800.77,False
16,6,2011-10-21,3786.17,False
16,7,2011-10-21,7672.4,False
16,8,2011-10-21,13832.27,False
16,9,2011-10-21,101688.57,False
16,10,2011-10-21,12814.84,False
16,11,2011-10-21,12226.75,False
16,12,2011-10-21,4893.0,False
16,13,2011-10-21,14150.26,False
16,14,2011-10-21,8465.85,False
16,16,2011-10-21,1645.91,False
16,17,2011-10-21,8455.85,False
16,18,2011-10-21,5637.53,False
16,19,2011-10-21,828.72,False
16,20,2011-10-21,2803.23,False
16,21,2011-10-21,2949.83,False
16,22,2011-10-21,5511.99,False
16,23,2011-10-21,10992.97,False
16,24,2011-10-21,2809.58,False
16,25,2011-10-21,4310.85,False
16,26,2011-10-21,2628.02,False
16,27,2011-10-21,807.42,False
16,28,2011-10-21,521.39,False
16,29,2011-10-21,1384.81,False
16,30,2011-10-21,1039.78,False
16,31,2011-10-21,931.87,False
16,32,2011-10-21,4439.33,False
16,33,2011-10-21,2446.13,False
16,34,2011-10-21,4203.78,False
16,35,2011-10-21,578.43,False
16,36,2011-10-21,1579.19,False
16,38,2011-10-21,43473.56,False
16,40,2011-10-21,27377.17,False
16,41,2011-10-21,794.44,False
16,42,2011-10-21,4646.75,False
16,44,2011-10-21,4379.19,False
16,46,2011-10-21,10190.54,False
16,49,2011-10-21,80.19,False
16,52,2011-10-21,1442.33,False
16,54,2011-10-21,63.72,False
16,55,2011-10-21,5864.42,False
16,56,2011-10-21,782.8,False
16,60,2011-10-21,79.98,False
16,67,2011-10-21,2803.73,False
16,71,2011-10-21,2597.23,False
16,72,2011-10-21,24695.4,False
16,74,2011-10-21,9255.49,False
16,79,2011-10-21,4258.18,False
16,80,2011-10-21,341.34,False
16,81,2011-10-21,4035.59,False
16,82,2011-10-21,9304.92,False
16,83,2011-10-21,281.94,False
16,85,2011-10-21,2961.65,False
16,87,2011-10-21,11690.61,False
16,90,2011-10-21,9275.74,False
16,91,2011-10-21,6489.65,False
16,92,2011-10-21,24730.39,False
16,93,2011-10-21,973.74,False
16,94,2011-10-21,977.76,False
16,95,2011-10-21,28853.32,False
16,96,2011-10-21,714.31,False
16,97,2011-10-21,2632.28,False
16,98,2011-10-21,99.2,False
17,1,2011-10-21,28619.92,False
17,2,2011-10-21,41051.37,False
17,3,2011-10-21,13495.61,False
17,4,2011-10-21,23050.99,False
17,5,2011-10-21,29184.47,False
17,6,2011-10-21,3045.73,False
17,7,2011-10-21,12369.0,False
17,8,2011-10-21,19847.79,False
17,9,2011-10-21,23077.62,False
17,10,2011-10-21,14981.1,False
17,11,2011-10-21,13268.23,False
17,12,2011-10-21,8183.52,False
17,13,2011-10-21,23192.02,False
17,14,2011-10-21,11449.71,False
17,16,2011-10-21,1243.68,False
17,17,2011-10-21,9391.27,False
17,18,2011-10-21,13824.35,False
17,19,2011-10-21,7770.74,False
17,20,2011-10-21,3308.53,False
17,21,2011-10-21,3816.5,False
17,22,2011-10-21,5969.19,False
17,23,2011-10-21,13566.57,False
17,24,2011-10-21,4651.76,False
17,25,2011-10-21,5684.17,False
17,26,2011-10-21,10113.81,False
17,27,2011-10-21,1427.63,False
17,28,2011-10-21,1324.76,False
17,29,2011-10-21,1993.23,False
17,30,2011-10-21,1831.58,False
17,31,2011-10-21,1555.21,False
17,32,2011-10-21,4730.31,False
17,33,2011-10-21,5077.38,False
17,34,2011-10-21,7963.18,False
17,35,2011-10-21,1157.65,False
17,36,2011-10-21,2307.61,False
17,38,2011-10-21,74587.49,False
17,40,2011-10-21,44508.44,False
17,41,2011-10-21,22.5,False
17,42,2011-10-21,4609.78,False
17,44,2011-10-21,8902.61,False
17,45,2011-10-21,55.73,False
17,46,2011-10-21,25265.51,False
17,48,2011-10-21,967.0,False
17,49,2011-10-21,22.79,False
17,52,2011-10-21,4181.7,False
17,54,2011-10-21,77.16,False
17,55,2011-10-21,8890.91,False
17,56,2011-10-21,794.77,False
17,58,2011-10-21,620.0,False
17,59,2011-10-21,612.23,False
17,60,2011-10-21,334.4,False
17,67,2011-10-21,8214.12,False
17,71,2011-10-21,2424.74,False
17,72,2011-10-21,51972.11,False
17,74,2011-10-21,13707.84,False
17,79,2011-10-21,25369.66,False
17,80,2011-10-21,855.66,False
17,81,2011-10-21,14205.9,False
17,82,2011-10-21,16021.88,False
17,83,2011-10-21,402.46,False
17,85,2011-10-21,4244.97,False
17,87,2011-10-21,16139.16,False
17,90,2011-10-21,36618.06,False
17,91,2011-10-21,13547.63,False
17,92,2011-10-21,60095.3,False
17,93,2011-10-21,3360.75,False
17,94,2011-10-21,3202.4,False
17,95,2011-10-21,50605.34,False
17,97,2011-10-21,8177.89,False
17,98,2011-10-21,235.14,False
18,1,2011-10-21,26778.74,False
18,2,2011-10-21,58521.6,False
18,3,2011-10-21,10255.79,False
18,4,2011-10-21,27169.34,False
18,5,2011-10-21,27505.92,False
18,6,2011-10-21,4122.94,False
18,7,2011-10-21,31491.99,False
18,8,2011-10-21,33038.79,False
18,9,2011-10-21,9676.16,False
18,10,2011-10-21,14743.79,False
18,11,2011-10-21,16296.95,False
18,12,2011-10-21,4555.62,False
18,13,2011-10-21,45810.81,False
18,14,2011-10-21,16952.4,False
18,16,2011-10-21,3993.49,False
18,17,2011-10-21,11518.64,False
18,18,2011-10-21,17627.54,False
18,19,2011-10-21,2965.47,False
18,20,2011-10-21,5537.82,False
18,21,2011-10-21,3946.23,False
18,22,2011-10-21,12890.23,False
18,23,2011-10-21,33969.87,False
18,24,2011-10-21,8211.44,False
18,25,2011-10-21,15456.67,False
18,26,2011-10-21,10996.79,False
18,27,2011-10-21,2661.06,False
18,28,2011-10-21,1454.56,False
18,29,2011-10-21,9606.24,False
18,30,2011-10-21,5570.56,False
18,31,2011-10-21,2496.54,False
18,32,2011-10-21,6136.92,False
18,33,2011-10-21,7641.11,False
18,34,2011-10-21,16394.91,False
18,35,2011-10-21,3042.68,False
18,36,2011-10-21,1967.11,False
18,38,2011-10-21,67174.24,False
18,40,2011-10-21,60199.53,False
18,41,2011-10-21,435.75,False
18,42,2011-10-21,7387.61,False
18,44,2011-10-21,6369.26,False
18,46,2011-10-21,21741.23,False
18,49,2011-10-21,11353.77,False
18,50,2011-10-21,1758.0,False
18,52,2011-10-21,3036.98,False
18,54,2011-10-21,63.72,False
18,55,2011-10-21,8290.5,False
18,56,2011-10-21,311.02,False
18,58,2011-10-21,2307.5,False
18,59,2011-10-21,264.69,False
18,60,2011-10-21,228.8,False
18,67,2011-10-21,6870.45,False
18,71,2011-10-21,5973.63,False
18,72,2011-10-21,62544.32,False
18,74,2011-10-21,19807.78,False
18,79,2011-10-21,19195.44,False
18,80,2011-10-21,1014.2,False
18,81,2011-10-21,12340.46,False
18,82,2011-10-21,12478.9,False
18,83,2011-10-21,1881.69,False
18,85,2011-10-21,1797.69,False
18,87,2011-10-21,16307.35,False
18,90,2011-10-21,21596.33,False
18,91,2011-10-21,25834.67,False
18,92,2011-10-21,63680.42,False
18,93,2011-10-21,2686.25,False
18,94,2011-10-21,6840.05,False
18,95,2011-10-21,55248.94,False
18,97,2011-10-21,7941.44,False
18,98,2011-10-21,2243.29,False
19,1,2011-10-21,24232.58,False
19,2,2011-10-21,47796.98,False
19,3,2011-10-21,11747.88,False
19,4,2011-10-21,31796.2,False
19,5,2011-10-21,28836.06,False
19,6,2011-10-21,7022.37,False
19,7,2011-10-21,28812.63,False
19,8,2011-10-21,42480.55,False
19,9,2011-10-21,35769.74,False
19,10,2011-10-21,27775.33,False
19,11,2011-10-21,20243.06,False
19,12,2011-10-21,4902.31,False
19,13,2011-10-21,35182.62,False
19,14,2011-10-21,15792.13,False
19,16,2011-10-21,6342.03,False
19,17,2011-10-21,16869.41,False
19,18,2011-10-21,12387.79,False
19,20,2011-10-21,5628.28,False
19,21,2011-10-21,6875.64,False
19,22,2011-10-21,11264.66,False
19,23,2011-10-21,28912.21,False
19,24,2011-10-21,6079.23,False
19,25,2011-10-21,14969.1,False
19,26,2011-10-21,9341.6,False
19,27,2011-10-21,2895.15,False
19,28,2011-10-21,1328.77,False
19,29,2011-10-21,5483.87,False
19,30,2011-10-21,3242.78,False
19,31,2011-10-21,3298.31,False
19,32,2011-10-21,6240.24,False
19,33,2011-10-21,6260.53,False
19,34,2011-10-21,15299.35,False
19,35,2011-10-21,3151.36,False
19,36,2011-10-21,2460.8,False
19,37,2011-10-21,2808.75,False
19,38,2011-10-21,74036.43,False
19,40,2011-10-21,52653.3,False
19,41,2011-10-21,4638.75,False
19,42,2011-10-21,6483.39,False
19,44,2011-10-21,5786.71,False
19,46,2011-10-21,17287.23,False
19,49,2011-10-21,5939.79,False
19,50,2011-10-21,775.0,False
19,52,2011-10-21,1605.6,False
19,54,2011-10-21,60.16,False
19,55,2011-10-21,12675.93,False
19,56,2011-10-21,1126.17,False
19,58,2011-10-21,1165.0,False
19,59,2011-10-21,490.22,False
19,60,2011-10-21,545.6,False
19,67,2011-10-21,11746.28,False
19,71,2011-10-21,4200.44,False
19,72,2011-10-21,65591.14,False
19,74,2011-10-21,16130.41,False
19,79,2011-10-21,20306.74,False
19,80,2011-10-21,22189.74,False
19,81,2011-10-21,21616.08,False
19,82,2011-10-21,22483.72,False
19,83,2011-10-21,3049.62,False
19,85,2011-10-21,3483.24,False
19,87,2011-10-21,16224.19,False
19,90,2011-10-21,72396.23,False
19,91,2011-10-21,54506.24,False
19,92,2011-10-21,118840.84,False
19,93,2011-10-21,36046.28,False
19,94,2011-10-21,34332.95,False
19,95,2011-10-21,88808.97,False
19,96,2011-10-21,12897.99,False
19,97,2011-10-21,17962.97,False
19,98,2011-10-21,13249.45,False
20,1,2011-10-21,48956.38,False
20,2,2011-10-21,72982.82,False
20,3,2011-10-21,11275.44,False
20,4,2011-10-21,50631.58,False
20,5,2011-10-21,50741.98,False
20,6,2011-10-21,7446.7,False
20,7,2011-10-21,73104.29,False
20,8,2011-10-21,78003.9,False
20,9,2011-10-21,38343.82,False
20,10,2011-10-21,40031.41,False
20,11,2011-10-21,24151.25,False
20,12,2011-10-21,7560.45,False
20,13,2011-10-21,58070.35,False
20,14,2011-10-21,20668.72,False
20,16,2011-10-21,4129.68,False
20,17,2011-10-21,19657.79,False
20,18,2011-10-21,13787.25,False
20,19,2011-10-21,10.0,False
20,20,2011-10-21,6264.4,False
20,21,2011-10-21,12427.14,False
20,22,2011-10-21,12745.28,False
20,23,2011-10-21,38311.15,False
20,24,2011-10-21,7751.03,False
20,25,2011-10-21,18178.26,False
20,26,2011-10-21,13342.53,False
20,27,2011-10-21,3389.14,False
20,28,2011-10-21,1402.21,False
20,29,2011-10-21,9124.94,False
20,30,2011-10-21,4680.94,False
20,31,2011-10-21,3548.26,False
20,32,2011-10-21,10599.62,False
20,33,2011-10-21,8059.56,False
20,34,2011-10-21,18366.75,False
20,35,2011-10-21,6326.98,False
20,36,2011-10-21,3001.54,False
20,37,2011-10-21,3994.35,False
20,38,2011-10-21,107221.17,False
20,40,2011-10-21,83596.96,False
20,41,2011-10-21,10700.14,False
20,42,2011-10-21,9447.63,False
20,44,2011-10-21,9321.17,False
20,46,2011-10-21,29903.63,False
20,48,2011-10-21,1344.0,False
20,49,2011-10-21,20384.14,False
20,50,2011-10-21,3233.72,False
20,52,2011-10-21,3341.5,False
20,54,2011-10-21,104.84,False
20,55,2011-10-21,22201.49,False
20,56,2011-10-21,704.97,False
20,58,2011-10-21,5185.0,False
20,59,2011-10-21,436.82,False
20,60,2011-10-21,624.8,False
20,67,2011-10-21,14831.47,False
20,71,2011-10-21,7389.76,False
20,72,2011-10-21,125223.61,False
20,74,2011-10-21,20715.16,False
20,79,2011-10-21,35843.14,False
20,80,2011-10-21,39511.75,False
20,81,2011-10-21,34612.89,False
20,82,2011-10-21,28194.0,False
20,83,2011-10-21,5134.88,False
20,85,2011-10-21,5101.67,False
20,87,2011-10-21,41304.41,False
20,90,2011-10-21,99709.46,False
20,91,2011-10-21,75449.82,False
20,92,2011-10-21,168519.99,False
20,93,2011-10-21,51123.33,False
20,94,2011-10-21,56864.19,False
20,95,2011-10-21,142458.53,False
20,97,2011-10-21,23198.29,False
20,98,2011-10-21,20235.68,False
21,1,2011-10-21,18599.35,False
21,2,2011-10-21,47695.18,False
21,3,2011-10-21,10396.08,False
21,4,2011-10-21,18144.83,False
21,5,2011-10-21,16000.93,False
21,6,2011-10-21,2406.74,False
21,7,2011-10-21,20464.14,False
21,8,2011-10-21,16843.72,False
21,9,2011-10-21,13037.11,False
21,10,2011-10-21,15479.49,False
21,11,2011-10-21,10290.25,False
21,12,2011-10-21,2776.79,False
21,13,2011-10-21,27716.36,False
21,14,2011-10-21,12637.06,False
21,16,2011-10-21,2405.67,False
21,17,2011-10-21,6244.2,False
21,18,2011-10-21,6188.32,False
21,19,2011-10-21,1541.04,False
21,20,2011-10-21,3977.42,False
21,21,2011-10-21,2828.74,False
21,22,2011-10-21,6693.54,False
21,23,2011-10-21,36738.79,False
21,24,2011-10-21,9551.54,False
21,25,2011-10-21,16975.35,False
21,26,2011-10-21,14209.47,False
21,27,2011-10-21,1792.48,False
21,28,2011-10-21,740.76,False
21,29,2011-10-21,5037.65,False
21,30,2011-10-21,3420.74,False
21,31,2011-10-21,3429.32,False
21,32,2011-10-21,4883.68,False
21,33,2011-10-21,8797.1,False
21,34,2011-10-21,16608.35,False
21,35,2011-10-21,2887.14,False
21,36,2011-10-21,1655.42,False
21,38,2011-10-21,42465.9,False
21,40,2011-10-21,40948.92,False
21,41,2011-10-21,7168.5,False
21,42,2011-10-21,4687.24,False
21,44,2011-10-21,4407.82,False
21,46,2011-10-21,17541.41,False
21,49,2011-10-21,9838.29,False
21,52,2011-10-21,2626.06,False
21,54,2011-10-21,10.88,False
21,55,2011-10-21,6248.72,False
21,56,2011-10-21,1098.07,False
21,58,2011-10-21,270.0,False
21,59,2011-10-21,247.61,False
21,60,2011-10-21,149.6,False
21,67,2011-10-21,3812.65,False
21,71,2011-10-21,4638.0,False
21,72,2011-10-21,48566.85,False
21,74,2011-10-21,9845.36,False
21,79,2011-10-21,20460.8,False
21,80,2011-10-21,42.17,False
21,81,2011-10-21,5210.31,False
21,82,2011-10-21,15275.87,False
21,83,2011-10-21,88.08,False
21,85,2011-10-21,1097.54,False
21,87,2011-10-21,6086.62,False
21,90,2011-10-21,10591.87,False
21,91,2011-10-21,6541.27,False
21,92,2011-10-21,25725.23,False
21,93,2011-10-21,540.36,False
21,94,2011-10-21,360.84,False
21,95,2011-10-21,39850.64,False
21,97,2011-10-21,3415.45,False
21,98,2011-10-21,82.38,False
22,1,2011-10-21,28637.49,False
22,2,2011-10-21,48007.37,False
22,3,2011-10-21,7169.85,False
22,4,2011-10-21,31007.94,False
22,5,2011-10-21,30659.82,False
22,6,2011-10-21,3741.85,False
22,7,2011-10-21,33380.84,False
22,8,2011-10-21,37341.36,False
22,9,2011-10-21,16119.57,False
22,10,2011-10-21,17413.44,False
22,11,2011-10-21,9323.02,False
22,12,2011-10-21,3766.05,False
22,13,2011-10-21,36904.09,False
22,14,2011-10-21,13643.6,False
22,16,2011-10-21,4679.13,False
22,17,2011-10-21,12200.43,False
22,18,2011-10-21,14617.01,False
22,19,2011-10-21,1714.27,False
22,20,2011-10-21,5813.62,False
22,21,2011-10-21,4561.57,False
22,22,2011-10-21,11346.47,False
22,23,2011-10-21,29898.25,False
22,24,2011-10-21,8108.93,False
22,25,2011-10-21,10611.26,False
22,26,2011-10-21,9380.88,False
22,27,2011-10-21,2131.92,False
22,28,2011-10-21,1173.55,False
22,29,2011-10-21,7125.0,False
22,30,2011-10-21,4381.3,False
22,31,2011-10-21,3064.73,False
22,32,2011-10-21,4904.18,False
22,33,2011-10-21,6479.02,False
22,34,2011-10-21,19922.59,False
22,35,2011-10-21,4828.35,False
22,36,2011-10-21,2836.94,False
22,38,2011-10-21,67654.96,False
22,40,2011-10-21,51924.93,False
22,41,2011-10-21,691.0,False
22,42,2011-10-21,8175.52,False
22,44,2011-10-21,6538.07,False
22,45,2011-10-21,23.94,False
22,46,2011-10-21,17955.75,False
22,47,2011-10-21,-79.0,False
22,52,2011-10-21,2541.91,False
22,54,2011-10-21,27.0,False
22,55,2011-10-21,9806.46,False
22,56,2011-10-21,1124.27,False
22,58,2011-10-21,4662.5,False
22,59,2011-10-21,282.12,False
22,60,2011-10-21,422.4,False
22,67,2011-10-21,10854.38,False
22,71,2011-10-21,3442.02,False
22,72,2011-10-21,75976.29,False
22,74,2011-10-21,17266.66,False
22,79,2011-10-21,16334.72,False
22,80,2011-10-21,1331.3,False
22,81,2011-10-21,12537.17,False
22,82,2011-10-21,16482.74,False
22,83,2011-10-21,791.43,False
22,85,2011-10-21,2672.47,False
22,87,2011-10-21,14577.29,False
22,90,2011-10-21,19886.57,False
22,91,2011-10-21,20092.26,False
22,92,2011-10-21,50084.97,False
22,93,2011-10-21,1826.72,False
22,95,2011-10-21,54542.2,False
22,97,2011-10-21,3947.91,False
22,98,2011-10-21,272.6,False
23,1,2011-10-21,50104.11,False
23,2,2011-10-21,71499.54,False
23,3,2011-10-21,13222.24,False
23,4,2011-10-21,27967.14,False
23,5,2011-10-21,42329.56,False
23,6,2011-10-21,6423.52,False
23,7,2011-10-21,32323.62,False
23,8,2011-10-21,39608.65,False
23,9,2011-10-21,38150.79,False
23,10,2011-10-21,29426.69,False
23,11,2011-10-21,26728.15,False
23,12,2011-10-21,6158.8,False
23,13,2011-10-21,41696.76,False
23,14,2011-10-21,34971.98,False
23,16,2011-10-21,4615.68,False
23,17,2011-10-21,27914.0,False
23,18,2011-10-21,31062.57,False
23,19,2011-10-21,1887.26,False
23,20,2011-10-21,12706.57,False
23,21,2011-10-21,8834.21,False
23,22,2011-10-21,24069.73,False
23,23,2011-10-21,56419.78,False
23,24,2011-10-21,10601.1,False
23,25,2011-10-21,18356.79,False
23,26,2011-10-21,16440.07,False
23,27,2011-10-21,4956.91,False
23,28,2011-10-21,1576.0,False
23,29,2011-10-21,11892.34,False
23,30,2011-10-21,6622.69,False
23,31,2011-10-21,5464.13,False
23,32,2011-10-21,11165.8,False
23,33,2011-10-21,11813.56,False
23,34,2011-10-21,24166.63,False
23,35,2011-10-21,5318.75,False
23,36,2011-10-21,3485.87,False
23,38,2011-10-21,46316.57,False
23,40,2011-10-21,63730.09,False
23,41,2011-10-21,1943.0,False
23,42,2011-10-21,13221.08,False
23,44,2011-10-21,8750.38,False
23,45,2011-10-21,11.97,False
23,46,2011-10-21,34796.65,False
23,49,2011-10-21,28738.21,False
23,50,2011-10-21,7680.0,False
23,52,2011-10-21,3128.91,False
23,54,2011-10-21,111.08,False
23,55,2011-10-21,12832.54,False
23,56,2011-10-21,1507.03,False
23,58,2011-10-21,2545.0,False
23,59,2011-10-21,598.23,False
23,60,2011-10-21,70.4,False
23,67,2011-10-21,13594.42,False
23,71,2011-10-21,10830.76,False
23,72,2011-10-21,93962.81,False
23,74,2011-10-21,39291.23,False
23,79,2011-10-21,29573.76,False
23,80,2011-10-21,1458.89,False
23,81,2011-10-21,8285.92,False
23,82,2011-10-21,21585.71,False
23,83,2011-10-21,1244.26,False
23,85,2011-10-21,5189.66,False
23,87,2011-10-21,34008.3,False
23,90,2011-10-21,25264.2,False
23,91,2011-10-21,24405.41,False
23,92,2011-10-21,67472.06,False
23,93,2011-10-21,2171.26,False
23,94,2011-10-21,7.76,False
23,95,2011-10-21,55657.33,False
23,96,2011-10-21,14390.26,False
23,97,2011-10-21,6564.62,False
23,98,2011-10-21,110.84,False
24,1,2011-10-21,19923.29,False
24,2,2011-10-21,37324.19,False
24,3,2011-10-21,7000.26,False
24,4,2011-10-21,27313.24,False
24,5,2011-10-21,30444.21,False
24,6,2011-10-21,4832.25,False
24,7,2011-10-21,31545.3,False
24,8,2011-10-21,48770.61,False
24,9,2011-10-21,18884.2,False
24,10,2011-10-21,32740.22,False
24,11,2011-10-21,13701.46,False
24,12,2011-10-21,4279.78,False
24,13,2011-10-21,29682.92,False
24,14,2011-10-21,16403.12,False
24,16,2011-10-21,4543.57,False
24,17,2011-10-21,14051.58,False
24,18,2011-10-21,14029.78,False
24,19,2011-10-21,73.67,False
24,20,2011-10-21,5357.89,False
24,21,2011-10-21,5417.94,False
24,22,2011-10-21,12110.01,False
24,23,2011-10-21,26891.72,False
24,24,2011-10-21,4949.51,False
24,25,2011-10-21,10882.91,False
24,26,2011-10-21,8415.75,False
24,27,2011-10-21,1968.91,False
24,28,2011-10-21,1085.26,False
24,29,2011-10-21,5406.14,False
24,30,2011-10-21,3342.02,False
24,31,2011-10-21,2325.8,False
24,32,2011-10-21,5923.41,False
24,33,2011-10-21,5383.39,False
24,34,2011-10-21,12981.35,False
24,35,2011-10-21,3087.75,False
24,36,2011-10-21,1027.72,False
24,37,2011-10-21,3751.24,False
24,38,2011-10-21,71300.76,False
24,40,2011-10-21,41799.68,False
24,41,2011-10-21,1304.0,False
24,42,2011-10-21,5823.21,False
24,44,2011-10-21,5089.89,False
24,46,2011-10-21,12953.6,False
24,49,2011-10-21,5845.38,False
24,50,2011-10-21,1041.5,False
24,52,2011-10-21,1809.66,False
24,54,2011-10-21,103.72,False
24,55,2011-10-21,13497.73,False
24,56,2011-10-21,840.13,False
24,58,2011-10-21,2480.0,False
24,59,2011-10-21,224.72,False
24,60,2011-10-21,79.2,False
24,67,2011-10-21,9461.89,False
24,71,2011-10-21,5329.2,False
24,72,2011-10-21,67489.77,False
24,74,2011-10-21,12610.67,False
24,79,2011-10-21,17952.62,False
24,80,2011-10-21,28322.85,False
24,81,2011-10-21,22602.87,False
24,82,2011-10-21,17067.96,False
24,83,2011-10-21,2777.65,False
24,85,2011-10-21,1709.01,False
24,87,2011-10-21,26259.58,False
24,90,2011-10-21,70878.92,False
24,91,2011-10-21,47890.28,False
24,92,2011-10-21,118740.86,False
24,93,2011-10-21,32916.0,False
24,94,2011-10-21,43942.7,False
24,95,2011-10-21,81165.14,False
24,96,2011-10-21,11007.32,False
24,97,2011-10-21,16308.7,False
24,98,2011-10-21,9083.89,False
25,1,2011-10-21,30982.01,False
25,2,2011-10-21,35129.04,False
25,3,2011-10-21,8700.02,False
25,4,2011-10-21,20400.04,False
25,5,2011-10-21,13267.14,False
25,6,2011-10-21,1369.97,False
25,7,2011-10-21,18910.86,False
25,8,2011-10-21,30358.65,False
25,9,2011-10-21,10682.18,False
25,10,2011-10-21,18986.22,False
25,11,2011-10-21,10466.39,False
25,12,2011-10-21,3432.86,False
25,13,2011-10-21,26714.52,False
25,14,2011-10-21,10510.05,False
25,16,2011-10-21,4243.52,False
25,17,2011-10-21,10368.2,False
25,18,2011-10-21,7545.14,False
25,20,2011-10-21,3271.17,False
25,21,2011-10-21,5018.63,False
25,22,2011-10-21,6092.45,False
25,23,2011-10-21,16552.67,False
25,24,2011-10-21,4031.78,False
25,25,2011-10-21,6246.39,False
25,26,2011-10-21,5153.94,False
25,27,2011-10-21,1422.87,False
25,28,2011-10-21,798.36,False
25,29,2011-10-21,3183.2,False
25,30,2011-10-21,1949.45,False
25,31,2011-10-21,1762.24,False
25,32,2011-10-21,3297.56,False
25,33,2011-10-21,3718.2,False
25,34,2011-10-21,9991.29,False
25,35,2011-10-21,1912.41,False
25,36,2011-10-21,951.51,False
25,37,2011-10-21,3260.63,False
25,38,2011-10-21,43643.42,False
25,40,2011-10-21,41935.62,False
25,41,2011-10-21,6103.0,False
25,42,2011-10-21,5142.68,False
25,44,2011-10-21,4608.84,False
25,46,2011-10-21,16444.8,False
25,47,2011-10-21,-18.0,False
25,49,2011-10-21,11091.82,False
25,50,2011-10-21,2157.0,False
25,52,2011-10-21,2143.11,False
25,54,2011-10-21,28.92,False
25,55,2011-10-21,5799.38,False
25,56,2011-10-21,714.65,False
25,58,2011-10-21,230.0,False
25,59,2011-10-21,333.72,False
25,60,2011-10-21,211.2,False
25,67,2011-10-21,7737.01,False
25,71,2011-10-21,2371.31,False
25,72,2011-10-21,42686.67,False
25,74,2011-10-21,10190.6,False
25,79,2011-10-21,6999.84,False
25,80,2011-10-21,514.1,False
25,81,2011-10-21,7231.68,False
25,82,2011-10-21,10043.2,False
25,83,2011-10-21,197.52,False
25,85,2011-10-21,2701.01,False
25,87,2011-10-21,6798.65,False
25,90,2011-10-21,12669.44,False
25,91,2011-10-21,8237.35,False
25,92,2011-10-21,40313.94,False
25,93,2011-10-21,589.38,False
25,94,2011-10-21,3619.23,False
25,95,2011-10-21,42896.05,False
25,97,2011-10-21,2713.74,False
25,98,2011-10-21,913.06,False
26,1,2011-10-21,22677.23,False
26,2,2011-10-21,26707.28,False
26,3,2011-10-21,5784.28,False
26,4,2011-10-21,24638.43,False
26,5,2011-10-21,25265.82,False
26,6,2011-10-21,5345.35,False
26,7,2011-10-21,19188.35,False
26,8,2011-10-21,30314.86,False
26,9,2011-10-21,15436.83,False
26,10,2011-10-21,8901.12,False
26,11,2011-10-21,11726.85,False
26,12,2011-10-21,3577.35,False
26,13,2011-10-21,21281.45,False
26,14,2011-10-21,10555.54,False
26,16,2011-10-21,2290.63,False
26,17,2011-10-21,9174.8,False
26,18,2011-10-21,6758.78,False
26,19,2011-10-21,1293.29,False
26,20,2011-10-21,3569.82,False
26,21,2011-10-21,5177.27,False
26,22,2011-10-21,6894.98,False
26,23,2011-10-21,14625.67,False
26,24,2011-10-21,2891.58,False
26,25,2011-10-21,6976.71,False
26,26,2011-10-21,5287.39,False
26,27,2011-10-21,1200.49,False
26,28,2011-10-21,501.45,False
26,29,2011-10-21,3697.52,False
26,30,2011-10-21,2139.0,False
26,31,2011-10-21,1483.53,False
26,32,2011-10-21,2665.08,False
26,33,2011-10-21,2310.74,False
26,34,2011-10-21,7551.06,False
26,35,2011-10-21,1372.4,False
26,36,2011-10-21,1115.3,False
26,38,2011-10-21,104260.7,False
26,40,2011-10-21,37230.29,False
26,41,2011-10-21,2017.5,False
26,42,2011-10-21,3840.74,False
26,44,2011-10-21,4509.02,False
26,45,2011-10-21,77.79,False
26,46,2011-10-21,9146.08,False
26,48,2011-10-21,474.0,False
26,49,2011-10-21,1537.42,False
26,50,2011-10-21,460.0,False
26,52,2011-10-21,1409.4,False
26,54,2011-10-21,25.0,False
26,55,2011-10-21,9137.45,False
26,56,2011-10-21,739.3,False
26,59,2011-10-21,68.05,False
26,60,2011-10-21,79.2,False
26,67,2011-10-21,5899.19,False
26,71,2011-10-21,2653.6,False
26,72,2011-10-21,47323.44,False
26,74,2011-10-21,9668.28,False
26,79,2011-10-21,11826.25,False
26,80,2011-10-21,17640.84,False
26,81,2011-10-21,18272.34,False
26,82,2011-10-21,13471.3,False
26,83,2011-10-21,2131.84,False
26,85,2011-10-21,1675.54,False
26,87,2011-10-21,18395.05,False
26,90,2011-10-21,56110.02,False
26,91,2011-10-21,37217.28,False
26,92,2011-10-21,81041.07,False
26,93,2011-10-21,23294.53,False
26,94,2011-10-21,33697.9,False
26,95,2011-10-21,63006.98,False
26,96,2011-10-21,15308.48,False
26,97,2011-10-21,12906.35,False
26,98,2011-10-21,7976.83,False
27,1,2011-10-21,42713.74,False
27,2,2011-10-21,75867.28,False
27,3,2011-10-21,10223.28,False
27,4,2011-10-21,40065.34,False
27,5,2011-10-21,25623.42,False
27,6,2011-10-21,7621.4,False
27,7,2011-10-21,36947.78,False
27,8,2011-10-21,42771.57,False
27,9,2011-10-21,26132.88,False
27,10,2011-10-21,35716.78,False
27,11,2011-10-21,20132.76,False
27,12,2011-10-21,4066.72,False
27,13,2011-10-21,52133.22,False
27,14,2011-10-21,26813.08,False
27,16,2011-10-21,5751.05,False
27,17,2011-10-21,17556.64,False
27,18,2011-10-21,22139.32,False
27,19,2011-10-21,1311.43,False
27,20,2011-10-21,9987.9,False
27,21,2011-10-21,6271.02,False
27,22,2011-10-21,19776.17,False
27,23,2011-10-21,36616.53,False
27,24,2011-10-21,8411.37,False
27,25,2011-10-21,12854.21,False
27,26,2011-10-21,15609.41,False
27,27,2011-10-21,2645.73,False
27,28,2011-10-21,1295.27,False
27,29,2011-10-21,6960.87,False
27,30,2011-10-21,4329.98,False
27,31,2011-10-21,3419.24,False
27,32,2011-10-21,6239.49,False
27,33,2011-10-21,10350.32,False
27,34,2011-10-21,18886.32,False
27,35,2011-10-21,4644.01,False
27,36,2011-10-21,2043.93,False
27,37,2011-10-21,2921.67,False
27,38,2011-10-21,40709.9,False
27,40,2011-10-21,69852.17,False
27,41,2011-10-21,2351.8,False
27,42,2011-10-21,10537.64,False
27,44,2011-10-21,5456.55,False
27,46,2011-10-21,34858.73,False
27,49,2011-10-21,12130.78,False
27,50,2011-10-21,3170.5,False
27,52,2011-10-21,3393.82,False
27,54,2011-10-21,96.36,False
27,55,2011-10-21,12552.78,False
27,56,2011-10-21,906.63,False
27,58,2011-10-21,355.0,False
27,59,2011-10-21,454.42,False
27,60,2011-10-21,79.2,False
27,67,2011-10-21,9299.76,False
27,71,2011-10-21,8323.76,False
27,72,2011-10-21,68381.7,False
27,74,2011-10-21,24671.87,False
27,78,2011-10-21,-9.88,False
27,79,2011-10-21,36579.45,False
27,80,2011-10-21,25797.22,False
27,81,2011-10-21,27364.56,False
27,82,2011-10-21,23882.67,False
27,83,2011-10-21,6619.12,False
27,85,2011-10-21,4154.55,False
27,87,2011-10-21,15603.08,False
27,90,2011-10-21,97250.94,False
27,91,2011-10-21,63789.34,False
27,92,2011-10-21,143556.43,False
27,93,2011-10-21,47888.27,False
27,94,2011-10-21,63312.62,False
27,95,2011-10-21,110706.48,False
27,96,2011-10-21,17626.37,False
27,97,2011-10-21,19405.16,False
27,98,2011-10-21,11630.56,False
28,1,2011-10-21,23634.8,False
28,2,2011-10-21,55236.49,False
28,3,2011-10-21,8446.15,False
28,4,2011-10-21,26340.46,False
28,5,2011-10-21,31405.35,False
28,6,2011-10-21,3109.84,False
28,7,2011-10-21,28382.85,False
28,8,2011-10-21,31898.54,False
28,9,2011-10-21,12760.28,False
28,10,2011-10-21,19965.5,False
28,11,2011-10-21,9856.42,False
28,12,2011-10-21,3370.6,False
28,13,2011-10-21,37014.71,False
28,14,2011-10-21,12355.33,False
28,16,2011-10-21,3025.11,False
28,17,2011-10-21,7711.12,False
28,18,2011-10-21,16209.6,False
28,19,2011-10-21,2189.92,False
28,20,2011-10-21,4866.33,False
28,21,2011-10-21,4598.84,False
28,22,2011-10-21,7834.96,False
28,23,2011-10-21,25858.23,False
28,24,2011-10-21,5195.73,False
28,25,2011-10-21,12431.08,False
28,26,2011-10-21,10716.75,False
28,27,2011-10-21,1189.86,False
28,28,2011-10-21,522.09,False
28,29,2011-10-21,4532.15,False
28,30,2011-10-21,3099.7,False
28,31,2011-10-21,1689.43,False
28,32,2011-10-21,6287.66,False
28,33,2011-10-21,5357.01,False
28,34,2011-10-21,12912.53,False
28,35,2011-10-21,1851.75,False
28,36,2011-10-21,1468.46,False
28,37,2011-10-21,2000.09,False
28,38,2011-10-21,50918.21,False
28,40,2011-10-21,43998.02,False
28,41,2011-10-21,2259.0,False
28,42,2011-10-21,6801.71,False
28,44,2011-10-21,5200.9,False
28,45,2011-10-21,35.91,False
28,46,2011-10-21,17415.34,False
28,49,2011-10-21,11857.03,False
28,52,2011-10-21,2536.24,False
28,55,2011-10-21,9303.67,False
28,56,2011-10-21,124.25,False
28,58,2011-10-21,3220.0,False
28,59,2011-10-21,84.98,False
28,60,2011-10-21,633.6,False
28,67,2011-10-21,5106.72,False
28,71,2011-10-21,4523.54,False
28,72,2011-10-21,62698.0,False
28,74,2011-10-21,8890.65,False
28,79,2011-10-21,42646.48,False
28,80,2011-10-21,17515.14,False
28,81,2011-10-21,19586.65,False
28,82,2011-10-21,16038.73,False
28,83,2011-10-21,4509.22,False
28,85,2011-10-21,1203.03,False
28,87,2011-10-21,13300.66,False
28,90,2011-10-21,63072.36,False
28,91,2011-10-21,47261.27,False
28,92,2011-10-21,84089.07,False
28,93,2011-10-21,37333.16,False
28,94,2011-10-21,31727.06,False
28,95,2011-10-21,87010.77,False
28,96,2011-10-21,25903.24,False
28,97,2011-10-21,19828.38,False
28,98,2011-10-21,11213.34,False
29,1,2011-10-21,16989.45,False
29,2,2011-10-21,22944.43,False
29,3,2011-10-21,5946.96,False
29,4,2011-10-21,13364.34,False
29,5,2011-10-21,13819.47,False
29,6,2011-10-21,2726.41,False
29,7,2011-10-21,21281.0,False
29,8,2011-10-21,21453.49,False
29,9,2011-10-21,8259.3,False
29,10,2011-10-21,8912.3,False
29,11,2011-10-21,6644.25,False
29,12,2011-10-21,2331.09,False
29,13,2011-10-21,16930.18,False
29,14,2011-10-21,7153.6,False
29,16,2011-10-21,1174.2,False
29,17,2011-10-21,7204.0,False
29,18,2011-10-21,2913.17,False
29,19,2011-10-21,17.0,False
29,20,2011-10-21,3412.5,False
29,21,2011-10-21,2994.72,False
29,22,2011-10-21,5859.26,False
29,23,2011-10-21,18340.15,False
29,24,2011-10-21,4502.78,False
29,25,2011-10-21,5464.28,False
29,26,2011-10-21,4585.93,False
29,27,2011-10-21,1564.37,False
29,28,2011-10-21,946.84,False
29,29,2011-10-21,3921.23,False
29,30,2011-10-21,2610.98,False
29,31,2011-10-21,1495.1,False
29,32,2011-10-21,3393.88,False
29,33,2011-10-21,2902.99,False
29,34,2011-10-21,9323.83,False
29,35,2011-10-21,1777.65,False
29,36,2011-10-21,864.19,False
29,38,2011-10-21,40294.87,False
29,40,2011-10-21,28987.99,False
29,41,2011-10-21,318.25,False
29,42,2011-10-21,4564.34,False
29,44,2011-10-21,2166.46,False
29,46,2011-10-21,10114.78,False
29,49,2011-10-21,74.25,False
29,52,2011-10-21,873.37,False
29,54,2011-10-21,48.16,False
29,55,2011-10-21,4661.27,False
29,56,2011-10-21,1245.46,False
29,58,2011-10-21,627.5,False
29,59,2011-10-21,144.73,False
29,60,2011-10-21,255.2,False
29,67,2011-10-21,5182.04,False
29,71,2011-10-21,2645.9,False
29,72,2011-10-21,38753.64,False
29,74,2011-10-21,7998.55,False
29,79,2011-10-21,7621.06,False
29,80,2011-10-21,28.86,False
29,81,2011-10-21,5216.05,False
29,82,2011-10-21,7496.6,False
29,83,2011-10-21,673.37,False
29,85,2011-10-21,1569.12,False
29,87,2011-10-21,9042.02,False
29,90,2011-10-21,10495.12,False
29,91,2011-10-21,4209.04,False
29,92,2011-10-21,25019.66,False
29,93,2011-10-21,738.16,False
29,95,2011-10-21,27750.17,False
29,97,2011-10-21,1917.49,False
29,98,2011-10-21,309.42,False
30,1,2011-10-21,9909.66,False
30,2,2011-10-21,12255.52,False
30,3,2011-10-21,530.11,False
30,4,2011-10-21,12288.54,False
30,5,2011-10-21,290.84,False
30,7,2011-10-21,118.1,False
30,8,2011-10-21,11161.99,False
30,9,2011-10-21,15.63,False
30,10,2011-10-21,183.4,False
30,11,2011-10-21,673.35,False
30,12,2011-10-21,92.99,False
30,13,2011-10-21,9864.63,False
30,14,2011-10-21,634.62,False
30,16,2011-10-21,976.8,False
30,17,2011-10-21,22.75,False
30,18,2011-10-21,361.67,False
30,21,2011-10-21,1210.77,False
30,25,2011-10-21,12.0,False
30,28,2011-10-21,110.11,False
30,31,2011-10-21,34.5,False
30,32,2011-10-21,15.0,False
30,38,2011-10-21,66800.45,False
30,40,2011-10-21,25229.52,False
30,42,2011-10-21,58.38,False
30,46,2011-10-21,6305.66,False
30,52,2011-10-21,20.36,False
30,56,2011-10-21,84.0,False
30,59,2011-10-21,15.98,False
30,60,2011-10-21,616.0,False
30,67,2011-10-21,961.36,False
30,72,2011-10-21,3.05,False
30,74,2011-10-21,11.82,False
30,79,2011-10-21,5264.16,False
30,80,2011-10-21,6392.87,False
30,81,2011-10-21,9634.08,False
30,82,2011-10-21,4804.44,False
30,83,2011-10-21,1172.48,False
30,85,2011-10-21,33.59,False
30,87,2011-10-21,119.48,False
30,90,2011-10-21,34931.36,False
30,91,2011-10-21,31024.87,False
30,92,2011-10-21,53108.41,False
30,93,2011-10-21,21157.08,False
30,94,2011-10-21,21813.78,False
30,95,2011-10-21,43475.5,False
30,96,2011-10-21,18478.02,False
30,97,2011-10-21,13147.63,False
30,98,2011-10-21,3531.22,False
31,1,2011-10-21,19949.98,False
31,2,2011-10-21,58352.83,False
31,3,2011-10-21,7542.98,False
31,4,2011-10-21,35264.46,False
31,5,2011-10-21,19231.67,False
31,6,2011-10-21,2389.91,False
31,7,2011-10-21,23807.41,False
31,8,2011-10-21,25088.67,False
31,9,2011-10-21,8629.28,False
31,10,2011-10-21,21298.85,False
31,11,2011-10-21,8413.06,False
31,12,2011-10-21,2951.51,False
31,13,2011-10-21,44647.83,False
31,14,2011-10-21,15289.63,False
31,16,2011-10-21,3987.02,False
31,17,2011-10-21,6762.88,False
31,18,2011-10-21,8076.03,False
31,19,2011-10-21,114.17,False
31,20,2011-10-21,5143.14,False
31,21,2011-10-21,4318.83,False
31,22,2011-10-21,7742.85,False
31,23,2011-10-21,20969.1,False
31,24,2011-10-21,5289.51,False
31,25,2011-10-21,10263.79,False
31,26,2011-10-21,8956.89,False
31,27,2011-10-21,997.29,False
31,28,2011-10-21,522.98,False
31,29,2011-10-21,4882.47,False
31,30,2011-10-21,2370.34,False
31,31,2011-10-21,1771.38,False
31,32,2011-10-21,4124.75,False
31,33,2011-10-21,5361.35,False
31,34,2011-10-21,12786.98,False
31,35,2011-10-21,1949.27,False
31,36,2011-10-21,1022.86,False
31,37,2011-10-21,3412.83,False
31,38,2011-10-21,81907.92,False
31,40,2011-10-21,57589.2,False
31,41,2011-10-21,3912.5,False
31,42,2011-10-21,6196.96,False
31,44,2011-10-21,2680.34,False
31,46,2011-10-21,24378.72,False
31,49,2011-10-21,9542.29,False
31,52,2011-10-21,893.66,False
31,54,2011-10-21,20.0,False
31,55,2011-10-21,7098.87,False
31,56,2011-10-21,1081.44,False
31,58,2011-10-21,3220.0,False
31,59,2011-10-21,372.09,False
31,60,2011-10-21,139.6,False
31,67,2011-10-21,5823.03,False
31,71,2011-10-21,4590.05,False
31,72,2011-10-21,60795.86,False
31,74,2011-10-21,14896.59,False
31,79,2011-10-21,32966.17,False
31,80,2011-10-21,19198.43,False
31,81,2011-10-21,25678.14,False
31,82,2011-10-21,17453.41,False
31,83,2011-10-21,8269.56,False
31,85,2011-10-21,633.28,False
31,87,2011-10-21,7785.33,False
31,90,2011-10-21,91026.01,False
31,91,2011-10-21,70560.09,False
31,92,2011-10-21,130704.17,False
31,93,2011-10-21,58670.83,False
31,94,2011-10-21,66317.26,False
31,95,2011-10-21,110235.18,False
31,96,2011-10-21,28089.0,False
31,97,2011-10-21,32054.19,False
31,98,2011-10-21,10845.44,False
31,99,2011-10-21,0.01,False
32,1,2011-10-21,30078.88,False
32,2,2011-10-21,47241.79,False
32,3,2011-10-21,10881.85,False
32,4,2011-10-21,27859.16,False
32,5,2011-10-21,21850.18,False
32,6,2011-10-21,4287.11,False
32,7,2011-10-21,18830.01,False
32,8,2011-10-21,25938.65,False
32,9,2011-10-21,19591.92,False
32,10,2011-10-21,24590.36,False
32,11,2011-10-21,15662.49,False
32,12,2011-10-21,3775.41,False
32,13,2011-10-21,31373.33,False
32,14,2011-10-21,14068.49,False
32,16,2011-10-21,5816.62,False
32,17,2011-10-21,10042.13,False
32,18,2011-10-21,11868.95,False
32,19,2011-10-21,1380.39,False
32,20,2011-10-21,5061.35,False
32,21,2011-10-21,4606.57,False
32,22,2011-10-21,10622.2,False
32,23,2011-10-21,20189.24,False
32,24,2011-10-21,4398.86,False
32,25,2011-10-21,7164.03,False
32,26,2011-10-21,7909.36,False
32,27,2011-10-21,1528.5,False
32,28,2011-10-21,895.96,False
32,29,2011-10-21,3208.97,False
32,30,2011-10-21,2570.14,False
32,31,2011-10-21,2291.91,False
32,32,2011-10-21,4669.06,False
32,33,2011-10-21,3565.36,False
32,34,2011-10-21,10649.19,False
32,35,2011-10-21,2409.14,False
32,36,2011-10-21,1424.42,False
32,37,2011-10-21,3250.92,False
32,38,2011-10-21,59721.21,False
32,40,2011-10-21,57395.08,False
32,41,2011-10-21,2736.25,False
32,42,2011-10-21,6290.34,False
32,44,2011-10-21,4320.53,False
32,46,2011-10-21,24737.87,False
32,48,2011-10-21,8.0,False
32,49,2011-10-21,5238.27,False
32,52,2011-10-21,2645.55,False
32,54,2011-10-21,153.08,False
32,55,2011-10-21,7619.92,False
32,56,2011-10-21,1421.56,False
32,58,2011-10-21,2960.0,False
32,59,2011-10-21,487.87,False
32,60,2011-10-21,809.6,False
32,67,2011-10-21,7541.94,False
32,71,2011-10-21,5319.18,False
32,72,2011-10-21,52344.76,False
32,74,2011-10-21,13112.83,False
32,78,2011-10-21,-12.88,False
32,79,2011-10-21,13759.47,False
32,80,2011-10-21,16466.76,False
32,81,2011-10-21,16136.35,False
32,82,2011-10-21,17960.08,False
32,83,2011-10-21,3197.97,False
32,85,2011-10-21,2074.0,False
32,87,2011-10-21,7109.83,False
32,90,2011-10-21,62077.49,False
32,91,2011-10-21,47210.52,False
32,92,2011-10-21,106470.01,False
32,93,2011-10-21,28206.49,False
32,94,2011-10-21,47191.05,False
32,95,2011-10-21,81474.01,False
32,96,2011-10-21,2083.47,False
32,97,2011-10-21,16212.95,False
32,98,2011-10-21,7224.43,False
33,1,2011-10-21,3096.5,False
33,2,2011-10-21,7480.09,False
33,3,2011-10-21,237.61,False
33,4,2011-10-21,5396.9,False
33,5,2011-10-21,85.0,False
33,7,2011-10-21,284.81,False
33,8,2011-10-21,3666.78,False
33,9,2011-10-21,4.56,False
33,10,2011-10-21,66.17,False
33,11,2011-10-21,161.94,False
33,12,2011-10-21,8.51,False
33,13,2011-10-21,6473.93,False
33,14,2011-10-21,872.85,False
33,16,2011-10-21,306.46,False
33,17,2011-10-21,176.29,False
33,18,2011-10-21,63.07,False
33,20,2011-10-21,32.39,False
33,21,2011-10-21,178.25,False
33,26,2011-10-21,245.4,False
33,38,2011-10-21,10696.62,False
33,40,2011-10-21,6376.03,False
33,42,2011-10-21,59.59,False
33,46,2011-10-21,1547.32,False
33,52,2011-10-21,36.76,False
33,55,2011-10-21,28.0,False
33,60,2011-10-21,61.6,False
33,67,2011-10-21,953.3,False
33,72,2011-10-21,19.76,False
33,74,2011-10-21,337.2,False
33,79,2011-10-21,10786.18,False
33,80,2011-10-21,7062.91,False
33,81,2011-10-21,8191.55,False
33,82,2011-10-21,3251.07,False
33,83,2011-10-21,1890.5,False
33,87,2011-10-21,329.84,False
33,90,2011-10-21,23427.64,False
33,91,2011-10-21,9355.66,False
33,92,2011-10-21,29888.63,False
33,93,2011-10-21,20964.23,False
33,94,2011-10-21,22776.79,False
33,95,2011-10-21,25321.41,False
33,96,2011-10-21,10005.16,False
33,97,2011-10-21,4833.48,False
33,98,2011-10-21,6504.34,False
34,1,2011-10-21,24393.92,False
34,2,2011-10-21,34761.08,False
34,3,2011-10-21,5969.1,False
34,4,2011-10-21,20125.4,False
34,5,2011-10-21,24240.62,False
34,6,2011-10-21,1862.5,False
34,7,2011-10-21,16178.63,False
34,8,2011-10-21,26191.58,False
34,9,2011-10-21,15517.31,False
34,10,2011-10-21,16579.26,False
34,11,2011-10-21,13481.91,False
34,12,2011-10-21,5655.68,False
34,13,2011-10-21,23279.06,False
34,14,2011-10-21,8882.18,False
34,16,2011-10-21,5602.08,False
34,17,2011-10-21,6139.33,False
34,18,2011-10-21,7948.18,False
34,20,2011-10-21,1833.2,False
34,21,2011-10-21,4557.11,False
34,22,2011-10-21,5654.14,False
34,23,2011-10-21,14671.71,False
34,24,2011-10-21,2589.78,False
34,25,2011-10-21,5554.89,False
34,26,2011-10-21,4814.0,False
34,27,2011-10-21,701.23,False
34,28,2011-10-21,322.38,False
34,29,2011-10-21,1345.77,False
34,30,2011-10-21,1647.1,False
34,31,2011-10-21,765.69,False
34,32,2011-10-21,5123.69,False
34,33,2011-10-21,3510.89,False
34,34,2011-10-21,6274.46,False
34,35,2011-10-21,1176.75,False
34,36,2011-10-21,726.01,False
34,37,2011-10-21,2226.92,False
34,38,2011-10-21,43009.53,False
34,40,2011-10-21,39758.42,False
34,41,2011-10-21,1675.5,False
34,42,2011-10-21,4636.36,False
34,44,2011-10-21,4325.36,False
34,46,2011-10-21,15674.66,False
34,47,2011-10-21,-598.0,False
34,48,2011-10-21,2403.0,False
34,49,2011-10-21,3957.53,False
34,52,2011-10-21,1382.15,False
34,55,2011-10-21,9830.3,False
34,56,2011-10-21,747.54,False
34,59,2011-10-21,236.42,False
34,60,2011-10-21,88.0,False
34,65,2011-10-21,36678.37,False
34,67,2011-10-21,6175.29,False
34,71,2011-10-21,1984.54,False
34,72,2011-10-21,45207.43,False
34,74,2011-10-21,6538.08,False
34,79,2011-10-21,14368.75,False
34,80,2011-10-21,12430.48,False
34,81,2011-10-21,15824.52,False
34,82,2011-10-21,15753.07,False
34,83,2011-10-21,2516.6,False
34,85,2011-10-21,1994.8,False
34,87,2011-10-21,6222.07,False
34,90,2011-10-21,47441.09,False
34,91,2011-10-21,33517.88,False
34,92,2011-10-21,72514.64,False
34,93,2011-10-21,28905.36,False
34,94,2011-10-21,36185.41,False
34,95,2011-10-21,73643.41,False
34,96,2011-10-21,21070.89,False
34,97,2011-10-21,17758.02,False
34,98,2011-10-21,9532.22,False
35,1,2011-10-21,21914.98,False
35,2,2011-10-21,39234.48,False
35,3,2011-10-21,7380.59,False
35,4,2011-10-21,18790.62,False
35,5,2011-10-21,21034.58,False
35,6,2011-10-21,4267.2,False
35,7,2011-10-21,21776.3,False
35,8,2011-10-21,17157.74,False
35,9,2011-10-21,7721.5,False
35,10,2011-10-21,14424.2,False
35,11,2011-10-21,9855.82,False
35,12,2011-10-21,1605.26,False
35,13,2011-10-21,30765.36,False
35,14,2011-10-21,24773.92,False
35,16,2011-10-21,738.62,False
35,17,2011-10-21,16188.67,False
35,18,2011-10-21,10017.15,False
35,20,2011-10-21,10134.57,False
35,21,2011-10-21,3615.44,False
35,22,2011-10-21,19321.99,False
35,23,2011-10-21,34926.26,False
35,24,2011-10-21,9448.29,False
35,25,2011-10-21,14782.37,False
35,26,2011-10-21,16192.52,False
35,27,2011-10-21,2017.57,False
35,28,2011-10-21,895.21,False
35,29,2011-10-21,7575.57,False
35,30,2011-10-21,4327.58,False
35,31,2011-10-21,3997.55,False
35,32,2011-10-21,6897.36,False
35,33,2011-10-21,9416.37,False
35,34,2011-10-21,21968.34,False
35,35,2011-10-21,4196.95,False
35,36,2011-10-21,2018.74,False
35,38,2011-10-21,26952.72,False
35,40,2011-10-21,31329.92,False
35,41,2011-10-21,2867.0,False
35,42,2011-10-21,7317.21,False
35,44,2011-10-21,1659.44,False
35,46,2011-10-21,13392.74,False
35,47,2011-10-21,11.0,False
35,51,2011-10-21,4.16,False
35,52,2011-10-21,1228.79,False
35,54,2011-10-21,77.64,False
35,55,2011-10-21,10090.08,False
35,56,2011-10-21,261.64,False
35,58,2011-10-21,610.0,False
35,59,2011-10-21,116.5,False
35,60,2011-10-21,140.8,False
35,67,2011-10-21,4793.9,False
35,71,2011-10-21,12043.57,False
35,72,2011-10-21,100761.89,False
35,74,2011-10-21,19893.76,False
35,79,2011-10-21,20048.15,False
35,80,2011-10-21,222.01,False
35,81,2011-10-21,5824.66,False
35,82,2011-10-21,11241.93,False
35,83,2011-10-21,2540.58,False
35,85,2011-10-21,1723.78,False
35,87,2011-10-21,9174.91,False
35,90,2011-10-21,10648.28,False
35,91,2011-10-21,6879.48,False
35,92,2011-10-21,28835.3,False
35,93,2011-10-21,796.02,False
35,94,2011-10-21,13.44,False
35,95,2011-10-21,37601.94,False
35,97,2011-10-21,2836.65,False
35,98,2011-10-21,8.84,False
36,1,2011-10-21,2507.53,False
36,2,2011-10-21,12350.35,False
36,3,2011-10-21,303.41,False
36,4,2011-10-21,8662.68,False
36,5,2011-10-21,80.0,False
36,7,2011-10-21,480.02,False
36,8,2011-10-21,3210.5,False
36,9,2011-10-21,20.24,False
36,10,2011-10-21,194.81,False
36,11,2011-10-21,174.12,False
36,12,2011-10-21,41.66,False
36,13,2011-10-21,11116.02,False
36,14,2011-10-21,1375.79,False
36,16,2011-10-21,506.07,False
36,17,2011-10-21,379.58,False
36,18,2011-10-21,73.0,False
36,20,2011-10-21,16.0,False
36,21,2011-10-21,185.85,False
36,26,2011-10-21,281.76,False
36,38,2011-10-21,22855.26,False
36,40,2011-10-21,10592.44,False
36,42,2011-10-21,141.52,False
36,44,2011-10-21,2.33,False
36,46,2011-10-21,2237.24,False
36,55,2011-10-21,86.0,False
36,60,2011-10-21,79.2,False
36,67,2011-10-21,555.38,False
36,74,2011-10-21,447.15,False
36,79,2011-10-21,12184.23,False
36,80,2011-10-21,18807.53,False
36,81,2011-10-21,10372.71,False
36,82,2011-10-21,5001.39,False
36,83,2011-10-21,2596.18,False
36,87,2011-10-21,390.0,False
36,90,2011-10-21,31210.5,False
36,91,2011-10-21,9896.29,False
36,92,2011-10-21,38010.06,False
36,93,2011-10-21,19016.59,False
36,94,2011-10-21,36569.35,False
36,95,2011-10-21,35806.86,False
36,96,2011-10-21,15134.37,False
36,97,2011-10-21,5360.4,False
36,98,2011-10-21,9320.97,False
37,1,2011-10-21,14567.15,False
37,2,2011-10-21,17066.98,False
37,3,2011-10-21,1296.63,False
37,4,2011-10-21,18182.25,False
37,5,2011-10-21,1118.88,False
37,6,2011-10-21,30.68,False
37,7,2011-10-21,629.55,False
37,8,2011-10-21,16091.37,False
37,9,2011-10-21,154.7,False
37,10,2011-10-21,268.58,False
37,11,2011-10-21,1653.05,False
37,12,2011-10-21,224.5,False
37,13,2011-10-21,17719.16,False
37,14,2011-10-21,1624.48,False
37,16,2011-10-21,1935.28,False
37,17,2011-10-21,263.79,False
37,18,2011-10-21,625.19,False
37,21,2011-10-21,1993.11,False
37,23,2011-10-21,32.88,False
37,25,2011-10-21,35.76,False
37,27,2011-10-21,76.9,False
37,28,2011-10-21,156.17,False
37,31,2011-10-21,15.0,False
37,38,2011-10-21,62900.2,False
37,40,2011-10-21,28349.21,False
37,42,2011-10-21,156.02,False
37,46,2011-10-21,8385.59,False
37,52,2011-10-21,28.14,False
37,56,2011-10-21,349.17,False
37,59,2011-10-21,180.98,False
37,60,2011-10-21,563.2,False
37,67,2011-10-21,2266.65,False
37,72,2011-10-21,107.82,False
37,74,2011-10-21,641.7,False
37,79,2011-10-21,6695.92,False
37,80,2011-10-21,10435.29,False
37,81,2011-10-21,10043.07,False
37,82,2011-10-21,5732.35,False
37,83,2011-10-21,1866.32,False
37,85,2011-10-21,100.69,False
37,87,2011-10-21,1365.25,False
37,90,2011-10-21,46910.93,False
37,91,2011-10-21,30904.86,False
37,92,2011-10-21,62134.18,False
37,93,2011-10-21,21962.61,False
37,94,2011-10-21,32221.29,False
37,95,2011-10-21,53365.68,False
37,96,2011-10-21,19289.0,False
37,97,2011-10-21,14223.18,False
37,98,2011-10-21,5842.99,False
38,1,2011-10-21,8275.47,False
38,2,2011-10-21,12068.08,False
38,3,2011-10-21,529.22,False
38,4,2011-10-21,10334.82,False
38,5,2011-10-21,307.84,False
38,6,2011-10-21,22.2,False
38,7,2011-10-21,273.44,False
38,8,2011-10-21,9872.8,False
38,9,2011-10-21,59.01,False
38,10,2011-10-21,389.23,False
38,11,2011-10-21,633.7,False
38,12,2011-10-21,76.73,False
38,13,2011-10-21,10750.83,False
38,14,2011-10-21,612.66,False
38,16,2011-10-21,782.71,False
38,17,2011-10-21,292.12,False
38,18,2011-10-21,319.18,False
38,21,2011-10-21,1036.3,False
38,23,2011-10-21,32.88,False
38,25,2011-10-21,27.8,False
38,27,2011-10-21,5.77,False
38,28,2011-10-21,36.82,False
38,31,2011-10-21,18.5,False
38,32,2011-10-21,10.0,False
38,38,2011-10-21,69247.49,False
38,40,2011-10-21,17008.77,False
38,42,2011-10-21,64.96,False
38,46,2011-10-21,4974.16,False
38,52,2011-10-21,28.72,False
38,56,2011-10-21,88.0,False
38,59,2011-10-21,9.97,False
38,60,2011-10-21,246.4,False
38,67,2011-10-21,606.83,False
38,72,2011-10-21,139.43,False
38,74,2011-10-21,459.54,False
38,79,2011-10-21,8933.39,False
38,80,2011-10-21,11265.86,False
38,81,2011-10-21,9979.78,False
38,82,2011-10-21,6168.7,False
38,83,2011-10-21,2044.91,False
38,85,2011-10-21,97.83,False
38,87,2011-10-21,740.2,False
38,90,2011-10-21,36785.47,False
38,91,2011-10-21,24361.79,False
38,92,2011-10-21,44290.41,False
38,93,2011-10-21,19151.96,False
38,94,2011-10-21,19469.18,False
38,95,2011-10-21,41989.69,False
38,96,2011-10-21,12339.61,False
38,97,2011-10-21,9753.62,False
38,98,2011-10-21,5694.39,False
39,1,2011-10-21,34099.05,False
39,2,2011-10-21,68939.59,False
39,3,2011-10-21,12096.04,False
39,4,2011-10-21,46248.24,False
39,5,2011-10-21,25054.96,False
39,6,2011-10-21,4708.93,False
39,7,2011-10-21,37304.67,False
39,8,2011-10-21,36013.88,False
39,9,2011-10-21,14308.72,False
39,10,2011-10-21,13778.44,False
39,11,2011-10-21,20029.28,False
39,12,2011-10-21,4461.33,False
39,13,2011-10-21,59874.77,False
39,14,2011-10-21,18264.67,False
39,16,2011-10-21,12973.35,False
39,17,2011-10-21,12069.05,False
39,18,2011-10-21,20405.08,False
39,20,2011-10-21,7605.43,False
39,21,2011-10-21,6940.49,False
39,22,2011-10-21,12085.0,False
39,23,2011-10-21,17601.94,False
39,24,2011-10-21,7904.86,False
39,25,2011-10-21,8198.59,False
39,26,2011-10-21,15417.64,False
39,27,2011-10-21,1530.06,False
39,28,2011-10-21,826.67,False
39,29,2011-10-21,4200.45,False
39,30,2011-10-21,3283.36,False
39,31,2011-10-21,1771.39,False
39,32,2011-10-21,4880.61,False
39,33,2011-10-21,8560.37,False
39,34,2011-10-21,14078.2,False
39,35,2011-10-21,2072.2,False
39,36,2011-10-21,384.82,False
39,38,2011-10-21,44311.9,False
39,40,2011-10-21,63041.14,False
39,41,2011-10-21,2901.58,False
39,42,2011-10-21,4279.81,False
39,44,2011-10-21,5188.08,False
39,46,2011-10-21,30828.91,False
39,49,2011-10-21,4637.1,False
39,52,2011-10-21,2920.52,False
39,54,2011-10-21,37.0,False
39,55,2011-10-21,9253.23,False
39,56,2011-10-21,2536.03,False
39,58,2011-10-21,1445.0,False
39,59,2011-10-21,268.14,False
39,60,2011-10-21,334.4,False
39,67,2011-10-21,11305.12,False
39,71,2011-10-21,5577.64,False
39,72,2011-10-21,61460.36,False
39,74,2011-10-21,18884.84,False
39,79,2011-10-21,40582.04,False
39,80,2011-10-21,11244.37,False
39,81,2011-10-21,18886.91,False
39,82,2011-10-21,19321.59,False
39,83,2011-10-21,4850.43,False
39,85,2011-10-21,1870.19,False
39,87,2011-10-21,7154.77,False
39,90,2011-10-21,84980.07,False
39,91,2011-10-21,63440.55,False
39,92,2011-10-21,118241.45,False
39,93,2011-10-21,39125.64,False
39,94,2011-10-21,58104.09,False
39,95,2011-10-21,108053.71,False
39,96,2011-10-21,28017.87,False
39,97,2011-10-21,24112.61,False
39,98,2011-10-21,10114.07,False
40,1,2011-10-21,23386.14,False
40,2,2011-10-21,25880.08,False
40,3,2011-10-21,4777.02,False
40,4,2011-10-21,23355.77,False
40,5,2011-10-21,22617.24,False
40,6,2011-10-21,2879.56,False
40,7,2011-10-21,17608.03,False
40,8,2011-10-21,33914.17,False
40,9,2011-10-21,18607.32,False
40,10,2011-10-21,23530.57,False
40,11,2011-10-21,12971.34,False
40,12,2011-10-21,4099.55,False
40,13,2011-10-21,21581.21,False
40,14,2011-10-21,12957.87,False
40,16,2011-10-21,3237.22,False
40,17,2011-10-21,8408.83,False
40,18,2011-10-21,9173.88,False
40,20,2011-10-21,2967.87,False
40,21,2011-10-21,6663.73,False
40,22,2011-10-21,6453.94,False
40,23,2011-10-21,13187.9,False
40,24,2011-10-21,2933.54,False
40,25,2011-10-21,7316.92,False
40,26,2011-10-21,5359.55,False
40,27,2011-10-21,1107.25,False
40,28,2011-10-21,410.13,False
40,29,2011-10-21,2909.34,False
40,30,2011-10-21,2137.92,False
40,31,2011-10-21,1084.38,False
40,32,2011-10-21,3747.21,False
40,33,2011-10-21,2591.22,False
40,34,2011-10-21,6583.3,False
40,35,2011-10-21,1886.21,False
40,36,2011-10-21,685.93,False
40,37,2011-10-21,2292.37,False
40,38,2011-10-21,40679.08,False
40,40,2011-10-21,32380.75,False
40,41,2011-10-21,250.0,False
40,42,2011-10-21,5237.08,False
40,44,2011-10-21,3761.91,False
40,45,2011-10-21,11.97,False
40,46,2011-10-21,7735.66,False
40,48,2011-10-21,815.0,False
40,49,2011-10-21,29.7,False
40,52,2011-10-21,895.31,False
40,54,2011-10-21,18.0,False
40,55,2011-10-21,8031.46,False
40,56,2011-10-21,945.8,False
40,58,2011-10-21,4980.0,False
40,59,2011-10-21,143.57,False
40,60,2011-10-21,35.2,False
40,67,2011-10-21,6392.21,False
40,71,2011-10-21,2653.95,False
40,72,2011-10-21,39729.91,False
40,74,2011-10-21,9520.21,False
40,79,2011-10-21,12747.44,False
40,80,2011-10-21,16119.07,False
40,81,2011-10-21,19065.74,False
40,82,2011-10-21,12425.47,False
40,83,2011-10-21,2347.72,False
40,85,2011-10-21,2059.95,False
40,87,2011-10-21,21596.85,False
40,90,2011-10-21,61044.55,False
40,91,2011-10-21,40017.46,False
40,92,2011-10-21,96173.68,False
40,93,2011-10-21,25110.91,False
40,94,2011-10-21,32135.65,False
40,95,2011-10-21,61029.91,False
40,96,2011-10-21,14188.7,False
40,97,2011-10-21,15009.47,False
40,98,2011-10-21,7695.8,False
41,1,2011-10-21,32845.4,False
41,2,2011-10-21,46644.24,False
41,3,2011-10-21,10612.21,False
41,4,2011-10-21,30054.19,False
41,5,2011-10-21,28389.21,False
41,6,2011-10-21,3268.43,False
41,7,2011-10-21,22390.64,False
41,8,2011-10-21,33195.15,False
41,9,2011-10-21,31081.83,False
41,10,2011-10-21,16166.77,False
41,11,2011-10-21,12911.04,False
41,12,2011-10-21,3919.68,False
41,13,2011-10-21,33880.6,False
41,14,2011-10-21,16258.37,False
41,16,2011-10-21,5520.83,False
41,17,2011-10-21,10261.91,False
41,18,2011-10-21,19394.65,False
41,19,2011-10-21,1636.94,False
41,20,2011-10-21,4798.91,False
41,21,2011-10-21,4863.78,False
41,22,2011-10-21,10826.46,False
41,23,2011-10-21,18120.8,False
41,24,2011-10-21,6092.35,False
41,25,2011-10-21,7914.21,False
41,26,2011-10-21,7124.37,False
41,27,2011-10-21,1640.96,False
41,28,2011-10-21,676.57,False
41,29,2011-10-21,4811.43,False
41,30,2011-10-21,2624.45,False
41,31,2011-10-21,1523.61,False
41,32,2011-10-21,4660.86,False
41,33,2011-10-21,5632.23,False
41,34,2011-10-21,10815.14,False
41,35,2011-10-21,2838.45,False
41,36,2011-10-21,1383.65,False
41,38,2011-10-21,46768.15,False
41,40,2011-10-21,50810.16,False
41,41,2011-10-21,2924.23,False
41,42,2011-10-21,6412.68,False
41,44,2011-10-21,4992.19,False
41,46,2011-10-21,24665.57,False
41,48,2011-10-21,2393.0,False
41,49,2011-10-21,10326.89,False
41,52,2011-10-21,2923.94,False
41,54,2011-10-21,61.74,False
41,55,2011-10-21,7647.05,False
41,56,2011-10-21,1168.98,False
41,58,2011-10-21,4870.0,False
41,59,2011-10-21,266.07,False
41,60,2011-10-21,466.4,False
41,67,2011-10-21,7885.35,False
41,71,2011-10-21,4145.61,False
41,72,2011-10-21,47848.64,False
41,74,2011-10-21,17164.78,False
41,79,2011-10-21,17901.39,False
41,80,2011-10-21,16883.84,False
41,81,2011-10-21,18509.93,False
41,82,2011-10-21,18265.38,False
41,83,2011-10-21,3157.61,False
41,85,2011-10-21,2431.91,False
41,87,2011-10-21,9501.14,False
41,90,2011-10-21,71825.63,False
41,91,2011-10-21,49715.58,False
41,92,2011-10-21,116378.08,False
41,93,2011-10-21,32001.93,False
41,94,2011-10-21,43424.68,False
41,95,2011-10-21,85017.96,False
41,96,2011-10-21,2637.77,False
41,97,2011-10-21,19217.5,False
41,98,2011-10-21,9552.21,False
42,1,2011-10-21,10826.88,False
42,2,2011-10-21,16881.6,False
42,3,2011-10-21,717.07,False
42,4,2011-10-21,15297.5,False
42,5,2011-10-21,1185.52,False
42,7,2011-10-21,460.62,False
42,8,2011-10-21,18497.77,False
42,9,2011-10-21,146.22,False
42,10,2011-10-21,506.76,False
42,11,2011-10-21,656.94,False
42,12,2011-10-21,75.35,False
42,13,2011-10-21,15520.57,False
42,14,2011-10-21,1391.38,False
42,16,2011-10-21,731.2,False
42,17,2011-10-21,348.65,False
42,18,2011-10-21,415.42,False
42,21,2011-10-21,1099.5,False
42,23,2011-10-21,37.78,False
42,25,2011-10-21,57.22,False
42,27,2011-10-21,26.28,False
42,28,2011-10-21,28.19,False
42,32,2011-10-21,55.0,False
42,38,2011-10-21,24863.77,False
42,40,2011-10-21,20283.34,False
42,42,2011-10-21,225.18,False
42,46,2011-10-21,6409.74,False
42,52,2011-10-21,29.45,False
42,59,2011-10-21,70.75,False
42,60,2011-10-21,264.0,False
42,67,2011-10-21,1081.3,False
42,74,2011-10-21,214.97,False
42,79,2011-10-21,14022.1,False
42,80,2011-10-21,14046.94,False
42,81,2011-10-21,15312.64,False
42,82,2011-10-21,7201.44,False
42,83,2011-10-21,2840.9,False
42,85,2011-10-21,30.78,False
42,87,2011-10-21,1174.88,False
42,90,2011-10-21,55148.66,False
42,91,2011-10-21,41294.58,False
42,92,2011-10-21,80124.1,False
42,93,2011-10-21,29635.13,False
42,94,2011-10-21,35848.26,False
42,95,2011-10-21,61666.32,False
42,96,2011-10-21,17096.02,False
42,97,2011-10-21,17368.68,False
42,98,2011-10-21,6059.06,False
43,1,2011-10-21,7718.09,False
43,2,2011-10-21,20111.81,False
43,3,2011-10-21,914.08,False
43,4,2011-10-21,15799.74,False
43,5,2011-10-21,482.64,False
43,6,2011-10-21,63.34,False
43,7,2011-10-21,268.08,False
43,8,2011-10-21,12929.16,False
43,9,2011-10-21,205.41,False
43,10,2011-10-21,432.25,False
43,11,2011-10-21,531.3,False
43,12,2011-10-21,72.82,False
43,13,2011-10-21,16502.78,False
43,14,2011-10-21,1523.76,False
43,16,2011-10-21,1679.85,False
43,17,2011-10-21,506.93,False
43,18,2011-10-21,562.63,False
43,20,2011-10-21,20.0,False
43,21,2011-10-21,1395.48,False
43,25,2011-10-21,87.73,False
43,28,2011-10-21,0.99,False
43,31,2011-10-21,27.0,False
43,38,2011-10-21,55441.98,False
43,40,2011-10-21,16179.78,False
43,42,2011-10-21,196.32,False
43,46,2011-10-21,6411.34,False
43,52,2011-10-21,10.92,False
43,56,2011-10-21,4.0,False
43,60,2011-10-21,352.0,False
43,67,2011-10-21,825.6,False
43,72,2011-10-21,99.16,False
43,74,2011-10-21,458.78,False
43,79,2011-10-21,10578.5,False
43,80,2011-10-21,17166.47,False
43,81,2011-10-21,19002.98,False
43,82,2011-10-21,8033.9,False
43,83,2011-10-21,3723.3,False
43,85,2011-10-21,3.83,False
43,87,2011-10-21,25.0,False
43,90,2011-10-21,64436.27,False
43,91,2011-10-21,29596.45,False
43,92,2011-10-21,79208.99,False
43,93,2011-10-21,34224.12,False
43,94,2011-10-21,46337.27,False
43,95,2011-10-21,67588.36,False
43,96,2011-10-21,24753.62,False
43,97,2011-10-21,18633.99,False
43,98,2011-10-21,9497.16,False
44,1,2011-10-21,11199.51,False
44,2,2011-10-21,9886.77,False
44,3,2011-10-21,356.39,False
44,4,2011-10-21,7180.94,False
44,5,2011-10-21,565.46,False
44,6,2011-10-21,27.76,False
44,7,2011-10-21,390.34,False
44,8,2011-10-21,4795.44,False
44,9,2011-10-21,44.0,False
44,10,2011-10-21,181.04,False
44,11,2011-10-21,589.27,False
44,12,2011-10-21,112.17,False
44,13,2011-10-21,7516.23,False
44,14,2011-10-21,635.66,False
44,16,2011-10-21,692.11,False
44,17,2011-10-21,326.29,False
44,18,2011-10-21,585.44,False
44,21,2011-10-21,617.66,False
44,23,2011-10-21,2.97,False
44,25,2011-10-21,19.84,False
44,27,2011-10-21,11.54,False
44,28,2011-10-21,52.96,False
44,32,2011-10-21,25.0,False
44,38,2011-10-21,46540.09,False
44,40,2011-10-21,15072.03,False
44,42,2011-10-21,63.72,False
44,46,2011-10-21,6158.85,False
44,52,2011-10-21,36.33,False
44,59,2011-10-21,75.22,False
44,60,2011-10-21,290.4,False
44,67,2011-10-21,656.58,False
44,72,2011-10-21,59.19,False
44,74,2011-10-21,507.95,False
44,79,2011-10-21,3967.18,False
44,80,2011-10-21,4611.0,False
44,81,2011-10-21,7404.77,False
44,82,2011-10-21,4106.29,False
44,83,2011-10-21,753.85,False
44,85,2011-10-21,84.63,False
44,87,2011-10-21,394.36,False
44,90,2011-10-21,33020.32,False
44,91,2011-10-21,18532.65,False
44,92,2011-10-21,40731.12,False
44,93,2011-10-21,11724.72,False
44,94,2011-10-21,21145.96,False
44,95,2011-10-21,30731.7,False
44,96,2011-10-21,2838.41,False
44,97,2011-10-21,6855.61,False
44,98,2011-10-21,3792.09,False
45,1,2011-10-21,20667.38,False
45,2,2011-10-21,34975.03,False
45,3,2011-10-21,6366.32,False
45,4,2011-10-21,23363.39,False
45,5,2011-10-21,20501.9,False
45,6,2011-10-21,2039.93,False
45,7,2011-10-21,30793.66,False
45,8,2011-10-21,34575.2,False
45,9,2011-10-21,10281.78,False
45,10,2011-10-21,12425.84,False
45,11,2011-10-21,9830.11,False
45,12,2011-10-21,3545.54,False
45,13,2011-10-21,28807.67,False
45,14,2011-10-21,10754.88,False
45,16,2011-10-21,3879.51,False
45,17,2011-10-21,11102.92,False
45,18,2011-10-21,8037.16,False
45,19,2011-10-21,1334.41,False
45,20,2011-10-21,3746.87,False
45,21,2011-10-21,3304.26,False
45,22,2011-10-21,6642.17,False
45,23,2011-10-21,21187.87,False
45,24,2011-10-21,6275.41,False
45,25,2011-10-21,8773.17,False
45,26,2011-10-21,8750.61,False
45,27,2011-10-21,1598.23,False
45,28,2011-10-21,896.86,False
45,29,2011-10-21,5258.5,False
45,30,2011-10-21,2476.22,False
45,31,2011-10-21,2178.36,False
45,32,2011-10-21,5190.3,False
45,33,2011-10-21,4667.39,False
45,34,2011-10-21,14285.41,False
45,35,2011-10-21,3137.33,False
45,36,2011-10-21,1498.35,False
45,38,2011-10-21,52476.21,False
45,40,2011-10-21,37940.81,False
45,41,2011-10-21,2531.25,False
45,42,2011-10-21,4623.19,False
45,44,2011-10-21,2806.47,False
45,46,2011-10-21,12985.36,False
45,49,2011-10-21,71.28,False
45,52,2011-10-21,1822.73,False
45,54,2011-10-21,-8.92,False
45,55,2011-10-21,5729.64,False
45,56,2011-10-21,1179.69,False
45,58,2011-10-21,905.0,False
45,59,2011-10-21,198.85,False
45,60,2011-10-21,105.6,False
45,67,2011-10-21,6013.27,False
45,71,2011-10-21,3854.26,False
45,72,2011-10-21,50057.88,False
45,74,2011-10-21,9662.04,False
45,79,2011-10-21,14531.92,False
45,80,2011-10-21,627.82,False
45,81,2011-10-21,14452.49,False
45,82,2011-10-21,12380.29,False
45,83,2011-10-21,637.66,False
45,85,2011-10-21,1693.18,False
45,87,2011-10-21,6477.24,False
45,90,2011-10-21,24709.89,False
45,91,2011-10-21,16841.7,False
45,92,2011-10-21,47613.23,False
45,93,2011-10-21,2171.72,False
45,94,2011-10-21,4770.57,False
45,95,2011-10-21,51719.98,False
45,97,2011-10-21,5895.32,False
45,98,2011-10-21,1058.84,False
